route,total_shipments,avg_tariff,avg_transit_days,delay_rate,total_revenue,avg_chargeable_wt,revenue_per_shipment,demand_score,pricing_action
Agra_to_Ahmedabad,43,392.6502325581395,2.7674418604651163,0.3023255813953488,19905.22,6.674883720930232,462.91209302325586,0.5526315789473684,Maintain current tariff
Agra_to_Amritsar,44,453.0229545454545,3.227272727272727,0.5,22412.03,8.229318181818181,509.36431818181813,0.5789473684210527,Maintain current tariff
Agra_to_Aurangabad,35,483.89457142857145,3.085714285714286,0.45714285714285713,19411.53,8.256571428571428,554.6151428571428,0.3421052631578947,Maintain current tariff
Agra_to_Bangalore,31,443.2077419354839,3.096774193548387,0.45161290322580644,15741.75,7.164193548387097,507.7983870967742,0.23684210526315785,Increase tariff by 10-15% to improve margin
Agra_to_Bhopal,49,382.0002040816326,2.8979591836734695,0.3673469387755102,22206.72,6.593877551020409,453.1983673469388,0.7105263157894737,Reduce tariff by 5-10% to gain more volume
Agra_to_Bhubaneswar,37,454.12108108108106,3.027027027027027,0.40540540540540543,18729.6,8.23027027027027,506.2054054054054,0.39473684210526305,Maintain current tariff
Agra_to_Chandigarh,47,458.75787234042554,2.978723404255319,0.40425531914893614,24782.01,7.894468085106383,527.2768085106383,0.6578947368421051,Reduce tariff by 5-10% to gain more volume
Agra_to_Chennai,38,547.625,3.0789473684210527,0.39473684210526316,23077.11,8.295263157894738,607.2923684210526,0.42105263157894735,Maintain current tariff
Agra_to_Coimbatore,47,493.1268085106383,2.6808510638297873,0.3191489361702128,25952.08,8.179574468085105,552.1719148936171,0.6578947368421051,Reduce tariff by 5-10% to gain more volume
Agra_to_Dehradun,41,460.3224390243902,3.048780487804878,0.43902439024390244,22245.18,8.19780487804878,542.5653658536586,0.5,Maintain current tariff
Agra_to_Delhi,34,538.7023529411765,3.264705882352941,0.47058823529411764,20392.0,8.70970588235294,599.7647058823529,0.3157894736842104,Maintain current tariff
Agra_to_Guwahati,35,442.07457142857146,2.6,0.2571428571428571,17780.91,7.437142857142858,508.026,0.3421052631578947,Maintain current tariff
Agra_to_Hyderabad,36,529.2144444444444,3.111111111111111,0.3611111111111111,21427.1,8.810277777777777,595.1972222222222,0.36842105263157887,Maintain current tariff
Agra_to_Indore,34,399.71999999999997,2.911764705882353,0.35294117647058826,15644.19,6.711470588235294,460.12323529411765,0.3157894736842104,Maintain current tariff
Agra_to_Jaipur,35,448.7377142857143,2.8285714285714287,0.34285714285714286,17919.65,8.364285714285714,511.99000000000007,0.3421052631578947,Maintain current tariff
Agra_to_Jamshedpur,37,457.2116216216216,3.5945945945945947,0.5675675675675675,19335.7,7.688108108108108,522.5864864864865,0.39473684210526305,Maintain current tariff
Agra_to_Kochi,40,482.35175,2.8,0.3,22000.46,7.78725,550.0115,0.4736842105263157,Maintain current tariff
Agra_to_Kolkata,32,512.8434375,3.1875,0.46875,18857.03,8.49,589.2821875,0.26315789473684204,Increase tariff by 10-15% to improve margin
Agra_to_Lucknow,37,406.19297297297294,3.054054054054054,0.3783783783783784,17413.9,6.975675675675676,470.645945945946,0.39473684210526305,Maintain current tariff
Agra_to_Ludhiana,40,430.058,3.1,0.5,19819.38,7.01525,495.4845,0.4736842105263157,Maintain current tariff
Agra_to_Meerut,40,420.38149999999996,3.2,0.45,19353.94,7.8732500000000005,483.84849999999994,0.4736842105263157,Maintain current tariff
Agra_to_Mumbai,30,469.48066666666665,3.033333333333333,0.43333333333333335,15650.92,7.4590000000000005,521.6973333333333,0.21052631578947367,Increase tariff by 10-15% to improve margin
Agra_to_Nagpur,40,470.74750000000006,2.85,0.35,21841.07,8.1625,546.02675,0.4736842105263157,Maintain current tariff
Agra_to_Nashik,44,488.6240909090909,3.1136363636363638,0.5,24476.22,8.639999999999999,556.2777272727272,0.5789473684210527,Maintain current tariff
Agra_to_Patna,44,399.97113636363633,3.340909090909091,0.5227272727272727,20359.89,7.568863636363636,462.7247727272727,0.5789473684210527,Maintain current tariff
Agra_to_Pune,35,422.9817142857143,3.2857142857142856,0.45714285714285713,17366.21,7.704285714285714,496.17742857142855,0.3421052631578947,Maintain current tariff
Agra_to_Raipur,34,421.2514705882353,2.8823529411764706,0.4117647058823529,17057.23,7.483235294117647,501.68323529411765,0.3157894736842104,Maintain current tariff
Agra_to_Ranchi,45,466.8702222222222,2.977777777777778,0.3333333333333333,24351.48,7.711333333333333,541.144,0.6052631578947367,Reduce tariff by 5-10% to gain more volume
Agra_to_Shimla,36,542.3422222222222,2.9444444444444446,0.3888888888888889,21881.96,8.73388888888889,607.8322222222222,0.36842105263157887,Maintain current tariff
Agra_to_Srinagar,43,505.4116279069768,3.511627906976744,0.5581395348837209,24455.28,8.423720930232559,568.7274418604651,0.5526315789473684,Maintain current tariff
Agra_to_Surat,45,475.2795555555556,2.6222222222222222,0.35555555555555557,24617.74,8.476,547.0608888888889,0.6052631578947367,Reduce tariff by 5-10% to gain more volume
Agra_to_Thiruvananthapuram,40,556.11275,3.025,0.325,24544.66,8.571,613.6165,0.4736842105263157,Maintain current tariff
Agra_to_Varanasi,40,494.84475000000003,2.9,0.4,22059.81,8.44075,551.49525,0.4736842105263157,Maintain current tariff
Agra_to_Vijayawada,37,459.2972972972973,2.972972972972973,0.3783783783783784,18963.72,7.84,512.532972972973,0.39473684210526305,Maintain current tariff
Agra_to_Vizag,36,525.1741666666667,3.361111111111111,0.5,21157.64,7.928055555555555,587.7122222222222,0.36842105263157887,Maintain current tariff
Ahmedabad_to_Agra,30,412.0566666666667,2.8333333333333335,0.36666666666666664,14437.8,7.2683333333333335,481.26,0.21052631578947367,Increase tariff by 10-15% to improve margin
Ahmedabad_to_Amritsar,50,461.965,3.14,0.44,26343.260000000002,7.9486,526.8652000000001,0.7368421052631577,Reduce tariff by 5-10% to gain more volume
Ahmedabad_to_Aurangabad,57,485.8650877192983,2.912280701754386,0.3684210526315789,31384.16,7.830175438596491,550.599298245614,0.9210526315789473,Reduce tariff by 5-10% to gain more volume
Ahmedabad_to_Bangalore,41,428.8565853658536,3.024390243902439,0.3902439024390244,20223.43,7.673170731707318,493.25439024390244,0.5,Maintain current tariff
Ahmedabad_to_Bhopal,40,435.79049999999995,3.25,0.425,20086.16,8.177,502.154,0.4736842105263157,Maintain current tariff
Ahmedabad_to_Bhubaneswar,39,437.1,3.0256410256410255,0.46153846153846156,19393.38,7.382051282051282,497.2661538461539,0.4473684210526314,Maintain current tariff
Ahmedabad_to_Chandigarh,31,429.59741935483873,3.161290322580645,0.3870967741935484,15608.21,7.764838709677419,503.4906451612903,0.23684210526315785,Increase tariff by 10-15% to improve margin
Ahmedabad_to_Chennai,46,462.7965217391304,2.9347826086956523,0.32608695652173914,23705.24,8.068260869565217,515.3313043478262,0.631578947368421,Reduce tariff by 5-10% to gain more volume
Ahmedabad_to_Coimbatore,40,450.05525,2.9,0.375,20257.93,8.17125,506.44825000000003,0.4736842105263157,Maintain current tariff
Ahmedabad_to_Dehradun,40,497.32250000000005,3.025,0.45,22430.6,8.218250000000001,560.765,0.4736842105263157,Maintain current tariff
Ahmedabad_to_Delhi,40,401.04724999999996,3.075,0.4,18548.17,7.1375,463.70424999999994,0.4736842105263157,Maintain current tariff
Ahmedabad_to_Guwahati,32,457.04031249999997,2.78125,0.40625,16480.56,7.8253125,515.0175,0.26315789473684204,Increase tariff by 10-15% to improve margin
Ahmedabad_to_Hyderabad,26,515.4669230769231,2.8461538461538463,0.2692307692307692,15128.73,8.483846153846155,581.8742307692307,0.10526315789473673,Increase tariff by 10-15% to improve margin
Ahmedabad_to_Indore,35,476.2405714285714,2.6285714285714286,0.22857142857142856,18879.7,8.425142857142857,539.4200000000001,0.3421052631578947,Maintain current tariff
Ahmedabad_to_Jaipur,38,490.7605263157895,3.1315789473684212,0.47368421052631576,20973.84,8.411315789473685,551.9431578947368,0.42105263157894735,Maintain current tariff
Ahmedabad_to_Jamshedpur,43,438.826511627907,2.6744186046511627,0.2558139534883721,21534.89,7.534883720930233,500.8113953488372,0.5526315789473684,Maintain current tariff
Ahmedabad_to_Kochi,40,443.47524999999996,2.55,0.275,20239.12,7.7932500000000005,505.97799999999995,0.4736842105263157,Maintain current tariff
Ahmedabad_to_Kolkata,45,412.1595555555556,2.911111111111111,0.3333333333333333,21892.66,7.1080000000000005,486.5035555555556,0.6052631578947367,Reduce tariff by 5-10% to gain more volume
Ahmedabad_to_Lucknow,29,312.76068965517237,3.0,0.3103448275862069,10772.64,6.082758620689655,371.4703448275862,0.18421052631578938,Increase tariff by 10-15% to improve margin
Ahmedabad_to_Ludhiana,36,470.7408333333333,3.388888888888889,0.5555555555555556,19552.510000000002,8.575277777777778,543.1252777777778,0.36842105263157887,Maintain current tariff
Ahmedabad_to_Meerut,33,424.4687878787879,2.515151515151515,0.2727272727272727,16235.289999999999,7.441515151515151,491.9784848484848,0.2894736842105262,Increase tariff by 10-15% to improve margin
Ahmedabad_to_Mumbai,56,429.4680357142857,2.8214285714285716,0.39285714285714285,28312.64,7.53,505.5828571428571,0.894736842105263,Reduce tariff by 5-10% to gain more volume
Ahmedabad_to_Nagpur,52,403.6373076923077,3.1923076923076925,0.5192307692307693,24435.48,7.108846153846154,469.9130769230769,0.7894736842105261,Reduce tariff by 5-10% to gain more volume
Ahmedabad_to_Nashik,37,458.5432432432432,3.054054054054054,0.4594594594594595,18869.56,7.697567567567567,509.9881081081081,0.39473684210526305,Maintain current tariff
Ahmedabad_to_Patna,53,444.0492452830189,3.0754716981132075,0.4716981132075472,26821.87,7.918679245283019,506.07301886792453,0.8157894736842104,Reduce tariff by 5-10% to gain more volume
Ahmedabad_to_Pune,31,445.32645161290327,2.903225806451613,0.3225806451612903,15695.24,8.397096774193548,506.29806451612905,0.23684210526315785,Increase tariff by 10-15% to improve margin
Ahmedabad_to_Raipur,40,384.787,3.225,0.5,17451.170000000002,6.60175,436.27925000000005,0.4736842105263157,Maintain current tariff
Ahmedabad_to_Ranchi,36,440.13111111111107,2.888888888888889,0.3055555555555556,18713.67,8.23027777777778,519.8241666666667,0.36842105263157887,Maintain current tariff
Ahmedabad_to_Shimla,37,433.85432432432435,2.972972972972973,0.43243243243243246,18667.24,7.271891891891892,504.52000000000004,0.39473684210526305,Maintain current tariff
Ahmedabad_to_Srinagar,41,483.119512195122,2.926829268292683,0.43902439024390244,22617.3,8.361219512195122,551.6414634146341,0.5,Maintain current tariff
Ahmedabad_to_Surat,34,378.495,3.323529411764706,0.47058823529411764,15072.59,6.638235294117647,443.3114705882353,0.3157894736842104,Maintain current tariff
Ahmedabad_to_Thiruvananthapuram,40,405.9815,2.85,0.325,19015.52,7.1705,475.38800000000003,0.4736842105263157,Maintain current tariff
Ahmedabad_to_Varanasi,43,500.94790697674415,3.116279069767442,0.4186046511627907,24590.65,8.838604651162791,571.8755813953488,0.5526315789473684,Maintain current tariff
Ahmedabad_to_Vijayawada,48,435.0314583333333,2.9375,0.4166666666666667,24453.52,7.998958333333333,509.4483333333333,0.6842105263157894,Reduce tariff by 5-10% to gain more volume
Ahmedabad_to_Vizag,42,361.02880952380957,2.7857142857142856,0.38095238095238093,17933.52,6.877142857142856,426.98857142857145,0.5263157894736841,Maintain current tariff
Amritsar_to_Agra,51,474.88313725490195,2.9019607843137254,0.35294117647058826,27538.6,8.059019607843137,539.9725490196079,0.763157894736842,Reduce tariff by 5-10% to gain more volume
Amritsar_to_Ahmedabad,27,464.51111111111106,2.7037037037037037,0.2962962962962963,14296.65,7.4003703703703705,529.5055555555556,0.13157894736842102,Increase tariff by 10-15% to improve margin
Amritsar_to_Aurangabad,42,427.4019047619048,3.0,0.42857142857142855,20497.73,7.694285714285714,488.0411904761905,0.5263157894736841,Maintain current tariff
Amritsar_to_Bangalore,37,423.3154054054054,2.918918918918919,0.35135135135135137,18588.13,7.963243243243243,502.38189189189194,0.39473684210526305,Maintain current tariff
Amritsar_to_Bhopal,24,470.06166666666667,2.7083333333333335,0.25,12889.12,8.337916666666667,537.0466666666667,0.05263157894736836,Increase tariff by 10-15% to improve margin
Amritsar_to_Bhubaneswar,39,396.7246153846154,3.2051282051282053,0.5128205128205128,18460.16,7.524871794871795,473.3374358974359,0.4473684210526314,Maintain current tariff
Amritsar_to_Chandigarh,53,464.7383018867925,2.9245283018867925,0.39622641509433965,28182.51,8.256037735849057,531.7454716981132,0.8157894736842104,Reduce tariff by 5-10% to gain more volume
Amritsar_to_Chennai,36,445.97444444444443,2.8055555555555554,0.3888888888888889,18291.66,7.885555555555555,508.1016666666667,0.36842105263157887,Maintain current tariff
Amritsar_to_Coimbatore,24,462.3041666666666,3.4166666666666665,0.5833333333333334,12672.26,8.377916666666666,528.0108333333334,0.05263157894736836,Increase tariff by 10-15% to improve margin
Amritsar_to_Dehradun,47,421.95404255319147,3.276595744680851,0.5319148936170213,23521.71,7.599574468085106,500.461914893617,0.6578947368421051,Reduce tariff by 5-10% to gain more volume
Amritsar_to_Delhi,36,468.0208333333333,2.6944444444444446,0.3333333333333333,19509.95,7.895555555555556,541.9430555555556,0.36842105263157887,Maintain current tariff
Amritsar_to_Guwahati,34,395.6244117647059,3.0294117647058822,0.47058823529411764,15928.39,7.169411764705882,468.48205882352937,0.3157894736842104,Maintain current tariff
Amritsar_to_Hyderabad,38,473.88500000000005,2.5,0.18421052631578946,20996.44,8.208684210526316,552.5378947368421,0.42105263157894735,Maintain current tariff
Amritsar_to_Indore,35,383.8237142857143,2.8,0.34285714285714286,15801.93,6.9554285714285715,451.4837142857143,0.3421052631578947,Maintain current tariff
Amritsar_to_Jaipur,43,458.1381395348837,3.046511627906977,0.3953488372093023,22133.34,7.817441860465116,514.7288372093024,0.5526315789473684,Maintain current tariff
Amritsar_to_Jamshedpur,41,441.33292682926833,3.268292682926829,0.43902439024390244,21025.23,7.503658536585365,512.810487804878,0.5,Maintain current tariff
Amritsar_to_Kochi,40,451.92425000000003,3.225,0.425,20733.87,8.039,518.3467499999999,0.4736842105263157,Maintain current tariff
Amritsar_to_Kolkata,44,401.89931818181816,3.227272727272727,0.4318181818181818,20711.18,7.423636363636363,470.70863636363634,0.5789473684210527,Maintain current tariff
Amritsar_to_Lucknow,33,467.7427272727273,2.6363636363636362,0.21212121212121213,17318.94,8.341515151515152,524.8163636363636,0.2894736842105262,Increase tariff by 10-15% to improve margin
Amritsar_to_Ludhiana,38,375.79315789473685,2.9473684210526314,0.5,16896.43,7.114473684210527,444.6428947368421,0.42105263157894735,Maintain current tariff
Amritsar_to_Meerut,37,436.9205405405405,2.972972972972973,0.40540540540540543,18479.44,7.535675675675676,499.44432432432427,0.39473684210526305,Maintain current tariff
Amritsar_to_Mumbai,46,468.34326086956526,2.782608695652174,0.32608695652173914,24088.52,7.295869565217392,523.6634782608696,0.631578947368421,Reduce tariff by 5-10% to gain more volume
Amritsar_to_Nagpur,44,481.85386363636366,2.727272727272727,0.3409090909090909,24275.5,8.115681818181818,551.7159090909091,0.5789473684210527,Maintain current tariff
Amritsar_to_Nashik,39,528.6533333333333,3.2051282051282053,0.48717948717948717,22877.42,8.659230769230769,586.6005128205128,0.4473684210526314,Maintain current tariff
Amritsar_to_Patna,51,435.7886274509804,3.0,0.39215686274509803,25463.23,7.516078431372549,499.2790196078431,0.763157894736842,Reduce tariff by 5-10% to gain more volume
Amritsar_to_Pune,50,472.74739999999997,2.7,0.32,27470.64,8.0632,549.4128,0.7368421052631577,Reduce tariff by 5-10% to gain more volume
Amritsar_to_Raipur,32,457.950625,2.65625,0.28125,16942.57,8.2484375,529.4553125,0.26315789473684204,Increase tariff by 10-15% to improve margin
Amritsar_to_Ranchi,34,491.4479411764706,2.7058823529411766,0.23529411764705882,18799.920000000002,8.273235294117647,552.9388235294118,0.3157894736842104,Maintain current tariff
Amritsar_to_Shimla,50,480.0428,3.34,0.52,27320.89,7.8816,546.4177999999999,0.7368421052631577,Reduce tariff by 5-10% to gain more volume
Amritsar_to_Srinagar,37,423.8518918918919,2.918918918918919,0.3783783783783784,18163.24,7.611891891891892,490.8983783783784,0.39473684210526305,Maintain current tariff
Amritsar_to_Surat,44,423.42977272727273,2.909090909090909,0.36363636363636365,21671.170000000002,7.973181818181818,492.52659090909094,0.5789473684210527,Maintain current tariff
Amritsar_to_Thiruvananthapuram,38,457.928947368421,3.4210526315789473,0.42105263157894735,19857.45,7.412894736842105,522.5644736842105,0.42105263157894735,Maintain current tariff
Amritsar_to_Varanasi,38,414.7928947368421,2.8684210526315788,0.34210526315789475,17953.06,6.983157894736842,472.4489473684211,0.42105263157894735,Maintain current tariff
Amritsar_to_Vijayawada,50,395.4266,2.8,0.34,23559.420000000002,7.1508,471.18840000000006,0.7368421052631577,Reduce tariff by 5-10% to gain more volume
Amritsar_to_Vizag,37,396.33621621621626,3.054054054054054,0.40540540540540543,16932.73,6.946486486486486,457.6413513513513,0.39473684210526305,Maintain current tariff
Aurangabad_to_Agra,31,440.7851612903226,3.161290322580645,0.3870967741935484,16076.08,8.37741935483871,518.5832258064517,0.23684210526315785,Increase tariff by 10-15% to improve margin
Aurangabad_to_Ahmedabad,42,465.45809523809527,2.619047619047619,0.2619047619047619,22496.97,7.895476190476191,535.6421428571429,0.5263157894736841,Maintain current tariff
Aurangabad_to_Amritsar,37,429.6951351351351,2.6486486486486487,0.32432432432432434,18376.09,8.076756756756756,496.6510810810811,0.39473684210526305,Maintain current tariff
Aurangabad_to_Bangalore,49,466.7481632653061,3.2653061224489797,0.4897959183673469,25949.39,7.386938775510203,529.5793877551021,0.7105263157894737,Reduce tariff by 5-10% to gain more volume
Aurangabad_to_Bhopal,32,444.31156250000004,2.96875,0.3125,16156.81,7.97,504.9003125,0.26315789473684204,Increase tariff by 10-15% to improve margin
Aurangabad_to_Bhubaneswar,39,481.55,3.0256410256410255,0.4358974358974359,20847.62,7.795128205128205,534.5543589743589,0.4473684210526314,Maintain current tariff
Aurangabad_to_Chandigarh,34,441.70794117647057,2.911764705882353,0.38235294117647056,17520.21,7.404411764705882,515.300294117647,0.3157894736842104,Maintain current tariff
Aurangabad_to_Chennai,30,424.9036666666667,3.0,0.36666666666666664,14628.18,8.004,487.606,0.21052631578947367,Increase tariff by 10-15% to improve margin
Aurangabad_to_Coimbatore,36,380.03305555555556,3.4166666666666665,0.5277777777777778,16001.18,7.40388888888889,444.4772222222222,0.36842105263157887,Maintain current tariff
Aurangabad_to_Dehradun,43,536.4846511627907,2.953488372093023,0.4186046511627907,26139.62,8.605116279069767,607.8981395348837,0.5526315789473684,Maintain current tariff
Aurangabad_to_Delhi,42,374.2297619047619,3.2857142857142856,0.5,19271.03,6.783333333333333,458.83404761904757,0.5263157894736841,Maintain current tariff
Aurangabad_to_Guwahati,46,427.91826086956524,3.217391304347826,0.5217391304347826,22723.83,7.471304347826087,493.99630434782614,0.631578947368421,Reduce tariff by 5-10% to gain more volume
Aurangabad_to_Hyderabad,33,415.6072727272727,2.696969696969697,0.24242424242424243,15988.61,7.304545454545455,484.50333333333333,0.2894736842105262,Increase tariff by 10-15% to improve margin
Aurangabad_to_Indore,36,470.81944444444446,3.2777777777777777,0.5,18930.16,7.778333333333332,525.8377777777778,0.36842105263157887,Maintain current tariff
Aurangabad_to_Jaipur,30,408.67199999999997,2.4,0.23333333333333334,14481.31,7.076333333333334,482.7103333333333,0.21052631578947367,Increase tariff by 10-15% to improve margin
Aurangabad_to_Jamshedpur,35,479.87857142857143,3.1142857142857143,0.37142857142857144,19186.39,7.920857142857144,548.1825714285715,0.3421052631578947,Maintain current tariff
Aurangabad_to_Kochi,35,376.02885714285713,2.6285714285714286,0.34285714285714286,15928.41,7.030571428571428,455.09742857142857,0.3421052631578947,Maintain current tariff
Aurangabad_to_Kolkata,40,371.839,2.6,0.275,16869.16,7.32625,421.729,0.4736842105263157,Maintain current tariff
Aurangabad_to_Lucknow,36,395.6688888888889,2.6666666666666665,0.3055555555555556,17050.5,6.8375,473.625,0.36842105263157887,Maintain current tariff
Aurangabad_to_Ludhiana,54,388.94537037037037,3.259259259259259,0.48148148148148145,25160.66,6.868333333333333,465.9381481481482,0.8421052631578947,Reduce tariff by 5-10% to gain more volume
Aurangabad_to_Meerut,42,433.43333333333334,2.6904761904761907,0.30952380952380953,21164.13,7.330952380952381,503.90785714285715,0.5263157894736841,Maintain current tariff
Aurangabad_to_Mumbai,39,393.6115384615385,3.5128205128205128,0.5641025641025641,17809.25,7.3194871794871785,456.6474358974359,0.4473684210526314,Maintain current tariff
Aurangabad_to_Nagpur,44,427.08272727272725,2.8863636363636362,0.3181818181818182,21883.21,7.507954545454546,497.3456818181818,0.5789473684210527,Maintain current tariff
Aurangabad_to_Nashik,41,413.2209756097561,2.7804878048780486,0.2926829268292683,19615.15,7.391219512195122,478.41829268292685,0.5,Maintain current tariff
Aurangabad_to_Patna,39,409.55974358974356,2.871794871794872,0.358974358974359,18236.87,7.314615384615384,467.61205128205125,0.4473684210526314,Maintain current tariff
Aurangabad_to_Pune,50,503.86940000000004,2.86,0.4,28960.21,8.4974,579.2042,0.7368421052631577,Reduce tariff by 5-10% to gain more volume
Aurangabad_to_Raipur,42,434.7185714285714,2.380952380952381,0.2857142857142857,20881.93,7.775,497.18880952380954,0.5263157894736841,Maintain current tariff
Aurangabad_to_Ranchi,30,472.32466666666664,2.7333333333333334,0.13333333333333333,16191.789999999999,8.882,539.7263333333333,0.21052631578947367,Increase tariff by 10-15% to improve margin
Aurangabad_to_Shimla,38,442.88157894736844,3.1315789473684212,0.42105263157894735,19722.32,7.612894736842105,519.0084210526315,0.42105263157894735,Maintain current tariff
Aurangabad_to_Srinagar,35,448.47457142857144,3.0,0.42857142857142855,18318.13,7.554285714285713,523.3751428571429,0.3421052631578947,Maintain current tariff
Aurangabad_to_Surat,44,441.85909090909087,3.0,0.4318181818181818,22143.32,7.904772727272728,503.2572727272727,0.5789473684210527,Maintain current tariff
Aurangabad_to_Thiruvananthapuram,47,414.0374468085106,2.723404255319149,0.2978723404255319,22837.33,7.570425531914894,485.9006382978724,0.6578947368421051,Reduce tariff by 5-10% to gain more volume
Aurangabad_to_Varanasi,26,451.14576923076925,2.8076923076923075,0.34615384615384615,13736.76,7.418461538461538,528.3369230769231,0.10526315789473673,Increase tariff by 10-15% to improve margin
Aurangabad_to_Vijayawada,53,444.967358490566,2.811320754716981,0.33962264150943394,27055.17,8.21811320754717,510.4749056603773,0.8157894736842104,Reduce tariff by 5-10% to gain more volume
Aurangabad_to_Vizag,32,424.9546875,3.0625,0.46875,15506.9,7.2321875,484.590625,0.26315789473684204,Increase tariff by 10-15% to improve margin
Bangalore_to_Agra,33,432.7081818181818,2.727272727272727,0.30303030303030304,16367.76,7.61121212121212,495.9927272727273,0.2894736842105262,Increase tariff by 10-15% to improve margin
Bangalore_to_Ahmedabad,43,370.58790697674414,3.1627906976744184,0.3953488372093023,18734.14,7.434418604651163,435.6776744186046,0.5526315789473684,Maintain current tariff
Bangalore_to_Amritsar,52,497.2394230769231,2.8461538461538463,0.3269230769230769,29615.61,8.391730769230769,569.5309615384615,0.7894736842105261,Reduce tariff by 5-10% to gain more volume
Bangalore_to_Aurangabad,48,451.5229166666666,3.0833333333333335,0.4166666666666667,24695.23,7.9539583333333335,514.4839583333334,0.6842105263157894,Reduce tariff by 5-10% to gain more volume
Bangalore_to_Bhopal,31,542.0606451612904,2.935483870967742,0.2903225806451613,19113.9,8.403225806451612,616.5774193548388,0.23684210526315785,Increase tariff by 10-15% to improve margin
Bangalore_to_Bhubaneswar,46,455.32130434782607,3.0434782608695654,0.41304347826086957,24544.27,7.834782608695652,533.5710869565218,0.631578947368421,Reduce tariff by 5-10% to gain more volume
Bangalore_to_Chandigarh,38,455.6181578947369,3.1578947368421053,0.4473684210526316,19862.63,7.587894736842105,522.7007894736843,0.42105263157894735,Maintain current tariff
Bangalore_to_Chennai,37,404.95783783783787,3.027027027027027,0.35135135135135137,18130.44,7.2548648648648655,490.0118918918919,0.39473684210526305,Maintain current tariff
Bangalore_to_Coimbatore,46,375.6934782608696,3.3043478260869565,0.5434782608695652,20096.49,6.59,436.88021739130437,0.631578947368421,Reduce tariff by 5-10% to gain more volume
Bangalore_to_Dehradun,42,493.7419047619048,3.119047619047619,0.40476190476190477,23840.37,8.137857142857143,567.6278571428571,0.5263157894736841,Maintain current tariff
Bangalore_to_Delhi,28,333.08,2.75,0.25,10784.109999999999,6.743571428571428,385.14678571428567,0.1578947368421052,Increase tariff by 10-15% to improve margin
Bangalore_to_Guwahati,39,467.5064102564103,2.923076923076923,0.41025641025641024,21020.1,7.772564102564102,538.9769230769231,0.4473684210526314,Maintain current tariff
Bangalore_to_Hyderabad,27,458.06703703703704,3.037037037037037,0.4074074074074074,14119.42,7.434444444444444,522.9414814814814,0.13157894736842102,Increase tariff by 10-15% to improve margin
Bangalore_to_Indore,40,483.96975000000003,2.725,0.275,21898.12,8.141,547.453,0.4736842105263157,Maintain current tariff
Bangalore_to_Jaipur,35,432.9445714285714,2.9714285714285715,0.42857142857142855,17338.07,8.014285714285714,495.3734285714286,0.3421052631578947,Maintain current tariff
Bangalore_to_Jamshedpur,46,438.7539130434783,3.0869565217391304,0.45652173913043476,23350.34,7.525652173913044,507.61608695652177,0.631578947368421,Reduce tariff by 5-10% to gain more volume
Bangalore_to_Kochi,29,404.07448275862066,2.8275862068965516,0.3448275862068966,13748.08,7.184827586206896,474.071724137931,0.18421052631578938,Increase tariff by 10-15% to improve margin
Bangalore_to_Kolkata,35,440.42685714285716,3.057142857142857,0.4,17320.28,7.597142857142856,494.8651428571428,0.3421052631578947,Maintain current tariff
Bangalore_to_Lucknow,43,460.7472093023256,3.13953488372093,0.46511627906976744,21922.97,7.423488372093023,509.836511627907,0.5526315789473684,Maintain current tariff
Bangalore_to_Ludhiana,38,454.5852631578947,2.736842105263158,0.34210526315789475,19951.23,8.148947368421053,525.0323684210526,0.42105263157894735,Maintain current tariff
Bangalore_to_Meerut,41,438.25658536585365,2.7804878048780486,0.34146341463414637,20231.13,7.656585365853659,493.4421951219513,0.5,Maintain current tariff
Bangalore_to_Mumbai,34,391.7970588235294,2.676470588235294,0.3235294117647059,15442.19,7.039411764705882,454.1820588235294,0.3157894736842104,Maintain current tariff
Bangalore_to_Nagpur,34,447.15500000000003,2.911764705882353,0.38235294117647056,17261.44,8.305,507.6894117647058,0.3157894736842104,Maintain current tariff
Bangalore_to_Nashik,44,431.9540909090909,2.772727272727273,0.3181818181818182,22125.19,7.5609090909090915,502.84522727272724,0.5789473684210527,Maintain current tariff
Bangalore_to_Patna,43,454.7141860465116,3.4186046511627906,0.4883720930232558,22247.74,7.916279069767441,517.3893023255814,0.5526315789473684,Maintain current tariff
Bangalore_to_Pune,40,416.224,2.95,0.45,19320.05,7.8895,483.00124999999997,0.4736842105263157,Maintain current tariff
Bangalore_to_Raipur,52,462.9115384615385,3.173076923076923,0.4423076923076923,27709.08,7.9350000000000005,532.8669230769231,0.7894736842105261,Reduce tariff by 5-10% to gain more volume
Bangalore_to_Ranchi,41,416.960243902439,3.0,0.36585365853658536,20047.35,7.699999999999999,488.95975609756096,0.5,Maintain current tariff
Bangalore_to_Shimla,43,395.3448837209303,3.2790697674418605,0.5348837209302325,19525.59,7.4258139534883725,454.08348837209303,0.5526315789473684,Maintain current tariff
Bangalore_to_Srinagar,36,441.2527777777778,3.0555555555555554,0.5,17768.32,7.5427777777777765,493.56444444444446,0.36842105263157887,Maintain current tariff
Bangalore_to_Surat,43,503.63581395348837,2.744186046511628,0.3488372093023256,24530.24,8.675348837209302,570.4706976744186,0.5526315789473684,Maintain current tariff
Bangalore_to_Thiruvananthapuram,37,508.73081081081085,2.918918918918919,0.40540540540540543,21364.170000000002,8.645135135135135,577.4100000000001,0.39473684210526305,Maintain current tariff
Bangalore_to_Varanasi,49,470.7338775510204,3.122448979591837,0.42857142857142855,25918.85,8.397551020408164,528.9561224489796,0.7105263157894737,Reduce tariff by 5-10% to gain more volume
Bangalore_to_Vijayawada,42,421.737380952381,3.2142857142857144,0.40476190476190477,20777.93,7.589285714285714,494.71261904761906,0.5263157894736841,Maintain current tariff
Bangalore_to_Vizag,34,472.8673529411765,2.8823529411764706,0.38235294117647056,18765.73,7.96264705882353,551.9332352941176,0.3157894736842104,Maintain current tariff
Bhopal_to_Agra,52,459.9438461538461,3.0384615384615383,0.40384615384615385,27281.08,8.050384615384615,524.6361538461539,0.7894736842105261,Reduce tariff by 5-10% to gain more volume
Bhopal_to_Ahmedabad,38,382.8876315789474,2.5789473684210527,0.2631578947368421,17310.33,6.598684210526316,455.535,0.42105263157894735,Maintain current tariff
Bhopal_to_Amritsar,51,425.10686274509806,3.0588235294117645,0.43137254901960786,25150.77,8.081960784313726,493.1523529411765,0.763157894736842,Reduce tariff by 5-10% to gain more volume
Bhopal_to_Aurangabad,42,395.63357142857143,3.0,0.40476190476190477,19516.87,7.5702380952380945,464.6873809523809,0.5263157894736841,Maintain current tariff
Bhopal_to_Bangalore,38,443.5568421052632,3.236842105263158,0.5,19059.12,8.196052631578947,501.5557894736842,0.42105263157894735,Maintain current tariff
Bhopal_to_Bhubaneswar,36,369.17805555555555,2.8333333333333335,0.3333333333333333,15955.1,7.054166666666666,443.19722222222225,0.36842105263157887,Maintain current tariff
Bhopal_to_Chandigarh,38,416.2813157894737,2.8947368421052633,0.42105263157894735,18532.16,8.039473684210526,487.68842105263155,0.42105263157894735,Maintain current tariff
Bhopal_to_Chennai,36,376.1194444444444,3.388888888888889,0.4722222222222222,15871.34,6.833611111111111,440.87055555555554,0.36842105263157887,Maintain current tariff
Bhopal_to_Coimbatore,43,476.0532558139535,2.8372093023255816,0.32558139534883723,23151.99,8.14953488372093,538.4183720930233,0.5526315789473684,Maintain current tariff
Bhopal_to_Dehradun,41,374.0421951219512,2.8048780487804876,0.36585365853658536,18034.34,6.940243902439025,439.8619512195122,0.5,Maintain current tariff
Bhopal_to_Delhi,43,435.5095348837209,2.813953488372093,0.3023255813953488,21670.89,7.840465116279069,503.9741860465116,0.5526315789473684,Maintain current tariff
Bhopal_to_Guwahati,33,454.00060606060606,2.8484848484848486,0.3333333333333333,17010.7,8.093636363636364,515.4757575757576,0.2894736842105262,Increase tariff by 10-15% to improve margin
Bhopal_to_Hyderabad,43,426.29,3.13953488372093,0.4186046511627907,21526.44,7.988604651162791,500.6148837209302,0.5526315789473684,Maintain current tariff
Bhopal_to_Indore,44,469.2668181818182,3.272727272727273,0.5227272727272727,23829.08,8.563863636363637,541.57,0.5789473684210527,Maintain current tariff
Bhopal_to_Jaipur,31,429.99709677419355,2.806451612903226,0.2903225806451613,15135.63,8.876129032258065,488.246129032258,0.23684210526315785,Increase tariff by 10-15% to improve margin
Bhopal_to_Jamshedpur,33,447.3060606060606,3.0,0.42424242424242425,17025.0,7.656969696969697,515.9090909090909,0.2894736842105262,Increase tariff by 10-15% to improve margin
Bhopal_to_Kochi,47,525.6017021276596,3.297872340425532,0.5106382978723404,27637.59,8.682553191489362,588.033829787234,0.6578947368421051,Reduce tariff by 5-10% to gain more volume
Bhopal_to_Kolkata,36,423.8991666666667,3.138888888888889,0.4722222222222222,17696.44,7.239722222222222,491.56777777777774,0.36842105263157887,Maintain current tariff
Bhopal_to_Lucknow,42,435.0635714285714,2.880952380952381,0.30952380952380953,21283.14,7.880476190476191,506.74142857142857,0.5263157894736841,Maintain current tariff
Bhopal_to_Ludhiana,42,415.08666666666664,2.9761904761904763,0.40476190476190477,20223.190000000002,7.160238095238095,481.50452380952385,0.5263157894736841,Maintain current tariff
Bhopal_to_Meerut,44,446.2584090909091,2.8636363636363638,0.3181818181818182,22409.54,7.653409090909091,509.3077272727273,0.5789473684210527,Maintain current tariff
Bhopal_to_Mumbai,46,409.2582608695652,3.0,0.41304347826086957,21859.42,6.792608695652174,475.2047826086956,0.631578947368421,Reduce tariff by 5-10% to gain more volume
Bhopal_to_Nagpur,46,433.60434782608695,2.847826086956522,0.34782608695652173,23323.260000000002,7.435217391304348,507.0273913043479,0.631578947368421,Reduce tariff by 5-10% to gain more volume
Bhopal_to_Nashik,35,484.5262857142858,3.2285714285714286,0.45714285714285713,19385.78,8.113142857142856,553.8794285714285,0.3421052631578947,Maintain current tariff
Bhopal_to_Patna,49,433.81693877551015,3.142857142857143,0.4489795918367347,24629.03,7.536530612244898,502.63326530612244,0.7105263157894737,Reduce tariff by 5-10% to gain more volume
Bhopal_to_Pune,35,422.64714285714285,2.8285714285714287,0.34285714285714286,16644.05,8.118857142857141,475.5442857142857,0.3421052631578947,Maintain current tariff
Bhopal_to_Raipur,43,419.5027906976744,3.13953488372093,0.4418604651162791,21100.6,7.419302325581395,490.71162790697673,0.5526315789473684,Maintain current tariff
Bhopal_to_Ranchi,44,455.2895454545455,3.340909090909091,0.45454545454545453,23307.33,8.036818181818182,529.7120454545455,0.5789473684210527,Maintain current tariff
Bhopal_to_Shimla,23,402.2313043478261,2.6956521739130435,0.391304347826087,10726.25,6.852173913043478,466.35869565217394,0.02631578947368418,Increase tariff by 10-15% to improve margin
Bhopal_to_Srinagar,37,421.43702702702706,3.0,0.40540540540540543,18013.8,7.653783783783783,486.85945945945946,0.39473684210526305,Maintain current tariff
Bhopal_to_Surat,32,490.931875,3.15625,0.46875,17579.010000000002,7.9984375,549.3440625000001,0.26315789473684204,Increase tariff by 10-15% to improve margin
Bhopal_to_Thiruvananthapuram,41,410.74658536585366,3.0,0.3902439024390244,19056.15,7.6814634146341465,464.78414634146344,0.5,Maintain current tariff
Bhopal_to_Varanasi,36,420.75388888888887,3.138888888888889,0.3888888888888889,17436.91,7.676666666666667,484.3586111111111,0.36842105263157887,Maintain current tariff
Bhopal_to_Vijayawada,32,437.97125,3.40625,0.46875,16373.76,8.2734375,511.68,0.26315789473684204,Increase tariff by 10-15% to improve margin
Bhopal_to_Vizag,31,394.22161290322583,3.064516129032258,0.41935483870967744,14438.380000000001,7.258709677419355,465.75419354838715,0.23684210526315785,Increase tariff by 10-15% to improve margin
Bhubaneswar_to_Agra,40,458.29525,3.175,0.45,21126.08,7.912999999999999,528.152,0.4736842105263157,Maintain current tariff
Bhubaneswar_to_Ahmedabad,39,458.1171794871795,3.051282051282051,0.4358974358974359,20247.22,7.845128205128205,519.1594871794872,0.4473684210526314,Maintain current tariff
Bhubaneswar_to_Amritsar,32,460.3946875,3.46875,0.5625,16338.14,8.0540625,510.566875,0.26315789473684204,Increase tariff by 10-15% to improve margin
Bhubaneswar_to_Aurangabad,40,447.19125,3.175,0.375,20403.42,7.73775,510.08549999999997,0.4736842105263157,Maintain current tariff
Bhubaneswar_to_Bangalore,41,448.4987804878049,3.1463414634146343,0.3902439024390244,21311.3,7.918048780487805,519.7878048780487,0.5,Maintain current tariff
Bhubaneswar_to_Bhopal,40,431.5395,2.925,0.375,20088.17,7.851999999999999,502.20424999999994,0.4736842105263157,Maintain current tariff
Bhubaneswar_to_Chandigarh,43,424.28697674418606,3.3255813953488373,0.5116279069767442,21163.86,7.565813953488372,492.1827906976744,0.5526315789473684,Maintain current tariff
Bhubaneswar_to_Chennai,38,414.79052631578946,2.8421052631578947,0.34210526315789475,17947.84,6.968421052631579,472.31157894736845,0.42105263157894735,Maintain current tariff
Bhubaneswar_to_Coimbatore,36,425.1077777777778,3.0555555555555554,0.3333333333333333,17875.88,7.3436111111111115,496.55222222222227,0.36842105263157887,Maintain current tariff
Bhubaneswar_to_Dehradun,37,463.6227027027027,2.7027027027027026,0.35135135135135137,19112.329999999998,8.088108108108107,516.5494594594594,0.39473684210526305,Maintain current tariff
Bhubaneswar_to_Delhi,33,459.8209090909091,3.303030303030303,0.48484848484848486,17145.25,8.021212121212121,519.5530303030303,0.2894736842105262,Increase tariff by 10-15% to improve margin
Bhubaneswar_to_Guwahati,44,452.1793181818182,3.3181818181818183,0.4772727272727273,22835.48,7.6859090909090915,518.9881818181818,0.5789473684210527,Maintain current tariff
Bhubaneswar_to_Hyderabad,24,439.40000000000003,2.8333333333333335,0.2916666666666667,12355.65,7.149166666666667,514.81875,0.05263157894736836,Increase tariff by 10-15% to improve margin
Bhubaneswar_to_Indore,36,420.4,3.3333333333333335,0.4444444444444444,17531.05,7.532777777777778,486.9736111111111,0.36842105263157887,Maintain current tariff
Bhubaneswar_to_Jaipur,40,434.14700000000005,2.825,0.375,19686.670000000002,7.63,492.16675000000004,0.4736842105263157,Maintain current tariff
Bhubaneswar_to_Jamshedpur,34,434.39088235294116,2.5294117647058822,0.29411764705882354,16814.46,7.80970588235294,494.54294117647055,0.3157894736842104,Maintain current tariff
Bhubaneswar_to_Kochi,46,445.5652173913044,2.9565217391304346,0.3695652173913043,23402.54,7.393695652173913,508.7508695652174,0.631578947368421,Reduce tariff by 5-10% to gain more volume
Bhubaneswar_to_Kolkata,36,477.7252777777778,2.9722222222222223,0.3333333333333333,19794.22,8.244166666666667,549.8394444444444,0.36842105263157887,Maintain current tariff
Bhubaneswar_to_Lucknow,40,445.99025,3.05,0.35,20803.68,7.674250000000001,520.092,0.4736842105263157,Maintain current tariff
Bhubaneswar_to_Ludhiana,51,432.23470588235296,3.1372549019607843,0.4117647058823529,25233.19,7.845294117647059,494.768431372549,0.763157894736842,Reduce tariff by 5-10% to gain more volume
Bhubaneswar_to_Meerut,48,366.016875,2.5625,0.2708333333333333,20650.35,6.654583333333334,430.215625,0.6842105263157894,Reduce tariff by 5-10% to gain more volume
Bhubaneswar_to_Mumbai,43,476.2055813953488,3.2790697674418605,0.4418604651162791,23596.11,8.127906976744185,548.7467441860465,0.5526315789473684,Maintain current tariff
Bhubaneswar_to_Nagpur,29,386.12551724137927,2.6206896551724137,0.3103448275862069,13412.65,6.849310344827586,462.5051724137931,0.18421052631578938,Increase tariff by 10-15% to improve margin
Bhubaneswar_to_Nashik,33,449.8712121212121,3.0303030303030303,0.42424242424242425,17238.18,7.536363636363636,522.3690909090909,0.2894736842105262,Increase tariff by 10-15% to improve margin
Bhubaneswar_to_Patna,27,446.8048148148148,2.962962962962963,0.4074074074074074,13882.12,7.892962962962963,514.1525925925927,0.13157894736842102,Increase tariff by 10-15% to improve margin
Bhubaneswar_to_Pune,31,385.20709677419353,2.903225806451613,0.41935483870967744,14127.03,7.380967741935484,455.71064516129036,0.23684210526315785,Increase tariff by 10-15% to improve margin
Bhubaneswar_to_Raipur,33,442.1960606060606,3.393939393939394,0.5151515151515151,16908.0,7.18,512.3636363636364,0.2894736842105262,Increase tariff by 10-15% to improve margin
Bhubaneswar_to_Ranchi,39,486.0264102564102,3.076923076923077,0.4358974358974359,21658.43,8.236410256410258,555.344358974359,0.4473684210526314,Maintain current tariff
Bhubaneswar_to_Shimla,53,427.61056603773585,2.8679245283018866,0.37735849056603776,26452.559999999998,7.366037735849056,499.1049056603773,0.8157894736842104,Reduce tariff by 5-10% to gain more volume
Bhubaneswar_to_Srinagar,50,455.4564,3.04,0.38,26090.96,7.5802,521.8192,0.7368421052631577,Reduce tariff by 5-10% to gain more volume
Bhubaneswar_to_Surat,38,409.196052631579,3.3684210526315788,0.5,18387.84,7.161315789473684,483.8905263157895,0.42105263157894735,Maintain current tariff
Bhubaneswar_to_Thiruvananthapuram,42,504.4628571428571,3.238095238095238,0.5,24204.739999999998,8.275,576.3033333333333,0.5263157894736841,Maintain current tariff
Bhubaneswar_to_Varanasi,35,443.9682857142857,3.2285714285714286,0.4857142857142857,17717.13,7.103428571428571,506.20371428571434,0.3421052631578947,Maintain current tariff
Bhubaneswar_to_Vijayawada,40,477.07574999999997,3.0,0.375,21458.55,8.1485,536.46375,0.4736842105263157,Maintain current tariff
Bhubaneswar_to_Vizag,39,452.8548717948718,3.128205128205128,0.4358974358974359,20268.7,7.663846153846153,519.7102564102564,0.4473684210526314,Maintain current tariff
Chandigarh_to_Agra,38,499.47631578947363,3.4210526315789473,0.5526315789473685,22121.42,8.119736842105263,582.1426315789473,0.42105263157894735,Maintain current tariff
Chandigarh_to_Ahmedabad,35,419.354,2.742857142857143,0.2571428571428571,17161.48,7.539428571428571,490.328,0.3421052631578947,Maintain current tariff
Chandigarh_to_Amritsar,47,408.15617021276597,3.106382978723404,0.5319148936170213,22195.82,7.321914893617021,472.2514893617021,0.6578947368421051,Reduce tariff by 5-10% to gain more volume
Chandigarh_to_Aurangabad,37,462.35540540540546,2.864864864864865,0.3783783783783784,19617.19,7.332432432432433,530.1943243243243,0.39473684210526305,Maintain current tariff
Chandigarh_to_Bangalore,36,387.7658333333333,3.5555555555555554,0.5555555555555556,16668.59,7.525555555555556,463.0163888888889,0.36842105263157887,Maintain current tariff
Chandigarh_to_Bhopal,40,415.61475,3.1,0.45,19385.24,7.369249999999999,484.63100000000003,0.4736842105263157,Maintain current tariff
Chandigarh_to_Bhubaneswar,41,451.77414634146345,2.8536585365853657,0.36585365853658536,20824.98,7.7248780487804884,507.92634146341464,0.5,Maintain current tariff
Chandigarh_to_Chennai,44,420.4154545454545,3.0454545454545454,0.45454545454545453,21779.62,7.410227272727273,494.9913636363636,0.5789473684210527,Maintain current tariff
Chandigarh_to_Coimbatore,33,412.7121212121212,2.9696969696969697,0.42424242424242425,15984.03,7.216060606060606,484.36454545454546,0.2894736842105262,Increase tariff by 10-15% to improve margin
Chandigarh_to_Dehradun,31,441.2754838709678,3.193548387096774,0.41935483870967744,15394.17,7.991290322580645,496.58612903225804,0.23684210526315785,Increase tariff by 10-15% to improve margin
Chandigarh_to_Delhi,41,478.3521951219512,2.4634146341463414,0.24390243902439024,22527.56,8.154390243902439,549.4526829268293,0.5,Maintain current tariff
Chandigarh_to_Guwahati,25,444.5948,3.08,0.44,12811.32,7.938400000000001,512.4528,0.07894736842105254,Increase tariff by 10-15% to improve margin
Chandigarh_to_Hyderabad,36,491.3413888888889,3.0833333333333335,0.4444444444444444,19873.51,7.570833333333334,552.0419444444444,0.36842105263157887,Maintain current tariff
Chandigarh_to_Indore,40,447.50825,3.05,0.375,20392.1,7.692,509.80249999999995,0.4736842105263157,Maintain current tariff
Chandigarh_to_Jaipur,36,420.23777777777775,2.9166666666666665,0.4166666666666667,17492.23,7.346666666666668,485.8952777777778,0.36842105263157887,Maintain current tariff
Chandigarh_to_Jamshedpur,30,488.644,3.466666666666667,0.5,16682.44,8.376666666666667,556.0813333333333,0.21052631578947367,Increase tariff by 10-15% to improve margin
Chandigarh_to_Kochi,36,484.9888888888888,2.9444444444444446,0.3888888888888889,19506.0,8.079166666666667,541.8333333333334,0.36842105263157887,Maintain current tariff
Chandigarh_to_Kolkata,39,486.0023076923077,3.2051282051282053,0.41025641025641024,21950.56,8.091282051282052,562.8348717948718,0.4473684210526314,Maintain current tariff
Chandigarh_to_Lucknow,38,435.7918421052632,2.4473684210526314,0.23684210526315788,18771.27,7.475263157894737,493.98078947368424,0.42105263157894735,Maintain current tariff
Chandigarh_to_Ludhiana,38,531.5500000000001,3.1842105263157894,0.5,22705.18,9.025,597.5047368421052,0.42105263157894735,Maintain current tariff
Chandigarh_to_Meerut,40,430.2495,2.85,0.375,19881.72,7.5655,497.043,0.4736842105263157,Maintain current tariff
Chandigarh_to_Mumbai,39,430.28128205128206,2.6923076923076925,0.358974358974359,19540.92,7.728205128205127,501.04923076923075,0.4473684210526314,Maintain current tariff
Chandigarh_to_Nagpur,35,426.83,3.1714285714285713,0.4,17061.81,7.768857142857144,487.48028571428574,0.3421052631578947,Maintain current tariff
Chandigarh_to_Nashik,43,425.85348837209307,2.604651162790698,0.3023255813953488,20980.97,7.274651162790698,487.929534883721,0.5526315789473684,Maintain current tariff
Chandigarh_to_Patna,44,477.7025,2.8636363636363638,0.36363636363636365,24033.69,8.756363636363636,546.2202272727272,0.5789473684210527,Maintain current tariff
Chandigarh_to_Pune,41,453.270243902439,3.048780487804878,0.4634146341463415,21440.52,8.282682926829269,522.939512195122,0.5,Maintain current tariff
Chandigarh_to_Raipur,48,493.02187499999997,2.9583333333333335,0.3958333333333333,26587.7,8.230416666666667,553.9104166666667,0.6842105263157894,Reduce tariff by 5-10% to gain more volume
Chandigarh_to_Ranchi,43,421.79162790697677,3.046511627906977,0.3953488372093023,20724.7,7.663720930232558,481.9697674418605,0.5526315789473684,Maintain current tariff
Chandigarh_to_Shimla,39,450.47230769230765,2.871794871794872,0.46153846153846156,19683.920000000002,7.9456410256410255,504.7158974358975,0.4473684210526314,Maintain current tariff
Chandigarh_to_Srinagar,39,408.41974358974363,2.7948717948717947,0.3076923076923077,18049.17,7.102307692307693,462.79923076923075,0.4473684210526314,Maintain current tariff
Chandigarh_to_Surat,47,448.1744680851064,3.127659574468085,0.46808510638297873,24197.14,7.57531914893617,514.8327659574468,0.6578947368421051,Reduce tariff by 5-10% to gain more volume
Chandigarh_to_Thiruvananthapuram,47,402.75234042553194,2.765957446808511,0.3191489361702128,22077.52,7.2131914893617015,469.7344680851064,0.6578947368421051,Reduce tariff by 5-10% to gain more volume
Chandigarh_to_Varanasi,47,575.882340425532,2.872340425531915,0.3617021276595745,29841.67,9.203829787234042,634.9291489361701,0.6578947368421051,Reduce tariff by 5-10% to gain more volume
Chandigarh_to_Vijayawada,34,479.2367647058823,3.0588235294117645,0.4117647058823529,18348.07,8.140588235294118,539.6491176470588,0.3157894736842104,Maintain current tariff
Chandigarh_to_Vizag,45,499.7728888888889,3.1777777777777776,0.4888888888888889,25089.02,8.433111111111112,557.5337777777778,0.6052631578947367,Reduce tariff by 5-10% to gain more volume
Chennai_to_Agra,30,329.688,3.2,0.43333333333333335,11769.49,5.687666666666667,392.3163333333333,0.21052631578947367,Increase tariff by 10-15% to improve margin
Chennai_to_Ahmedabad,40,388.82824999999997,3.275,0.525,18385.92,6.4727500000000004,459.64799999999997,0.4736842105263157,Maintain current tariff
Chennai_to_Amritsar,36,460.8263888888889,3.0277777777777777,0.4444444444444444,19027.84,7.841944444444445,528.5511111111111,0.36842105263157887,Maintain current tariff
Chennai_to_Aurangabad,40,451.52200000000005,3.4,0.525,20283.94,7.7090000000000005,507.09849999999994,0.4736842105263157,Maintain current tariff
Chennai_to_Bangalore,45,441.9746666666667,2.977777777777778,0.3333333333333333,22501.46,8.136222222222223,500.0324444444444,0.6052631578947367,Reduce tariff by 5-10% to gain more volume
Chennai_to_Bhopal,37,402.4021621621622,2.945945945945946,0.35135135135135137,17405.85,7.192972972972973,470.42837837837834,0.39473684210526305,Maintain current tariff
Chennai_to_Bhubaneswar,30,425.35966666666667,2.7,0.3333333333333333,14873.9,6.578333333333333,495.7966666666667,0.21052631578947367,Increase tariff by 10-15% to improve margin
Chennai_to_Chandigarh,51,468.34843137254904,2.784313725490196,0.37254901960784315,27209.61,8.106274509803923,533.5217647058823,0.763157894736842,Reduce tariff by 5-10% to gain more volume
Chennai_to_Coimbatore,29,539.3582758620689,3.0,0.4827586206896552,17900.97,9.374137931034484,617.2748275862069,0.18421052631578938,Increase tariff by 10-15% to improve margin
Chennai_to_Dehradun,30,454.678,3.2333333333333334,0.5666666666666667,15409.42,8.07,513.6473333333333,0.21052631578947367,Increase tariff by 10-15% to improve margin
Chennai_to_Delhi,33,478.920303030303,3.3333333333333335,0.5151515151515151,18458.9,8.336969696969698,559.3606060606061,0.2894736842105262,Increase tariff by 10-15% to improve margin
Chennai_to_Guwahati,42,426.02166666666665,2.761904761904762,0.30952380952380953,20716.55,7.691428571428572,493.25119047619046,0.5263157894736841,Maintain current tariff
Chennai_to_Hyderabad,40,419.89099999999996,2.975,0.375,19369.04,7.437250000000001,484.226,0.4736842105263157,Maintain current tariff
Chennai_to_Indore,33,492.37939393939394,3.090909090909091,0.42424242424242425,18372.68,8.834242424242426,556.7478787878788,0.2894736842105262,Increase tariff by 10-15% to improve margin
Chennai_to_Jaipur,42,460.91142857142853,3.0952380952380953,0.35714285714285715,21896.99,8.27357142857143,521.3569047619048,0.5263157894736841,Maintain current tariff
Chennai_to_Jamshedpur,38,566.5284210526316,3.0789473684210527,0.42105263157894735,24200.68,9.11,636.86,0.42105263157894735,Maintain current tariff
Chennai_to_Kochi,46,403.22521739130434,2.869565217391304,0.41304347826086957,21564.72,7.7515217391304345,468.79826086956524,0.631578947368421,Reduce tariff by 5-10% to gain more volume
Chennai_to_Kolkata,32,413.973125,2.8125,0.40625,14967.53,7.760625,467.7353125,0.26315789473684204,Increase tariff by 10-15% to improve margin
Chennai_to_Lucknow,43,500.18000000000006,3.116279069767442,0.46511627906976744,24655.4,8.377674418604652,573.3813953488373,0.5526315789473684,Maintain current tariff
Chennai_to_Ludhiana,32,516.9996875,3.0,0.4375,18902.31,8.8015625,590.6971875,0.26315789473684204,Increase tariff by 10-15% to improve margin
Chennai_to_Meerut,43,444.31418604651157,2.7209302325581395,0.27906976744186046,21750.8,7.605116279069767,505.83255813953485,0.5526315789473684,Maintain current tariff
Chennai_to_Mumbai,38,429.8302631578947,2.6842105263157894,0.2894736842105263,18619.54,7.636842105263158,489.9878947368421,0.42105263157894735,Maintain current tariff
Chennai_to_Nagpur,49,431.9642857142857,3.0816326530612246,0.4489795918367347,24316.39,7.830612244897959,496.2528571428571,0.7105263157894737,Reduce tariff by 5-10% to gain more volume
Chennai_to_Nashik,45,460.83799999999997,2.7777777777777777,0.35555555555555557,23887.98,7.923111111111112,530.8439999999999,0.6052631578947367,Reduce tariff by 5-10% to gain more volume
Chennai_to_Patna,34,450.4670588235294,3.676470588235294,0.6470588235294118,17502.94,7.821470588235294,514.7923529411764,0.3157894736842104,Maintain current tariff
Chennai_to_Pune,35,436.73685714285716,3.3142857142857145,0.5142857142857142,18009.07,7.206857142857143,514.5448571428572,0.3421052631578947,Maintain current tariff
Chennai_to_Raipur,35,482.79171428571425,2.942857142857143,0.37142857142857144,19048.66,8.020285714285714,544.2474285714286,0.3421052631578947,Maintain current tariff
Chennai_to_Ranchi,44,459.2386363636364,3.3636363636363638,0.5,22765.66,7.777272727272727,517.4013636363636,0.5789473684210527,Maintain current tariff
Chennai_to_Shimla,36,431.0077777777778,2.8333333333333335,0.3888888888888889,18403.35,8.109722222222222,511.20416666666665,0.36842105263157887,Maintain current tariff
Chennai_to_Srinagar,47,425.97191489361705,3.0425531914893615,0.3829787234042553,23055.29,7.386808510638298,490.538085106383,0.6578947368421051,Reduce tariff by 5-10% to gain more volume
Chennai_to_Surat,36,441.015,3.0833333333333335,0.3611111111111111,18656.079999999998,7.687777777777778,518.2244444444444,0.36842105263157887,Maintain current tariff
Chennai_to_Thiruvananthapuram,47,427.39957446808506,3.3617021276595747,0.5106382978723404,23509.73,7.70127659574468,500.20702127659575,0.6578947368421051,Reduce tariff by 5-10% to gain more volume
Chennai_to_Varanasi,48,460.02229166666666,3.3333333333333335,0.4583333333333333,25058.81,8.1225,522.0585416666667,0.6842105263157894,Reduce tariff by 5-10% to gain more volume
Chennai_to_Vijayawada,41,417.059756097561,3.2195121951219514,0.43902439024390244,19992.37,7.4851219512195115,487.6187804878048,0.5,Maintain current tariff
Chennai_to_Vizag,43,501.4276744186046,3.116279069767442,0.3953488372093023,24383.02,8.442558139534883,567.046976744186,0.5526315789473684,Maintain current tariff
Coimbatore_to_Agra,51,474.74764705882353,3.0588235294117645,0.45098039215686275,27835.920000000002,8.202745098039216,545.8023529411765,0.763157894736842,Reduce tariff by 5-10% to gain more volume
Coimbatore_to_Ahmedabad,49,439.12591836734697,2.8979591836734695,0.3469387755102041,24912.84,7.714897959183673,508.425306122449,0.7105263157894737,Reduce tariff by 5-10% to gain more volume
Coimbatore_to_Amritsar,39,468.93512820512825,3.230769230769231,0.48717948717948717,20987.920000000002,8.25,538.1517948717949,0.4473684210526314,Maintain current tariff
Coimbatore_to_Aurangabad,36,394.1458333333333,2.888888888888889,0.3888888888888889,17289.87,6.946666666666666,480.27416666666664,0.36842105263157887,Maintain current tariff
Coimbatore_to_Bangalore,29,379.0362068965517,2.8620689655172415,0.3793103448275862,12849.11,6.560689655172413,443.0727586206897,0.18421052631578938,Increase tariff by 10-15% to improve margin
Coimbatore_to_Bhopal,43,416.38697674418603,2.953488372093023,0.3953488372093023,20719.43,7.485581395348837,481.8472093023256,0.5526315789473684,Maintain current tariff
Coimbatore_to_Bhubaneswar,43,474.9058139534884,3.0,0.27906976744186046,22353.03,8.201162790697675,519.8379069767442,0.5526315789473684,Maintain current tariff
Coimbatore_to_Chandigarh,38,415.30947368421056,2.8157894736842106,0.3684210526315789,18113.65,7.190526315789474,476.675,0.42105263157894735,Maintain current tariff
Coimbatore_to_Chennai,46,458.8797826086957,3.130434782608696,0.4782608695652174,23312.62,7.686304347826087,506.7960869565217,0.631578947368421,Reduce tariff by 5-10% to gain more volume
Coimbatore_to_Dehradun,47,444.4925531914894,3.2127659574468086,0.44680851063829785,23732.69,7.887659574468085,504.95085106382976,0.6578947368421051,Reduce tariff by 5-10% to gain more volume
Coimbatore_to_Delhi,39,403.2446153846154,3.0256410256410255,0.358974358974359,18306.46,6.661282051282051,469.3964102564102,0.4473684210526314,Maintain current tariff
Coimbatore_to_Guwahati,27,399.9359259259259,2.814814814814815,0.3333333333333333,12982.82,7.541851851851852,480.8451851851852,0.13157894736842102,Increase tariff by 10-15% to improve margin
Coimbatore_to_Hyderabad,39,464.8835897435897,2.871794871794872,0.358974358974359,21327.62,8.279487179487178,546.8620512820513,0.4473684210526314,Maintain current tariff
Coimbatore_to_Indore,51,482.5260784313726,2.8823529411764706,0.3137254901960784,27810.71,7.696078431372549,545.3080392156862,0.763157894736842,Reduce tariff by 5-10% to gain more volume
Coimbatore_to_Jaipur,35,510.34542857142856,2.942857142857143,0.37142857142857144,20392.47,8.32057142857143,582.642,0.3421052631578947,Maintain current tariff
Coimbatore_to_Jamshedpur,33,412.34575757575755,2.696969696969697,0.30303030303030304,15321.72,7.653333333333333,464.2945454545454,0.2894736842105262,Increase tariff by 10-15% to improve margin
Coimbatore_to_Kochi,42,406.49666666666667,3.2142857142857144,0.42857142857142855,19582.88,6.849523809523809,466.25904761904764,0.5263157894736841,Maintain current tariff
Coimbatore_to_Kolkata,42,437.3885714285714,2.642857142857143,0.2619047619047619,20980.17,7.557142857142857,499.5278571428571,0.5263157894736841,Maintain current tariff
Coimbatore_to_Lucknow,36,486.24611111111113,3.3055555555555554,0.4722222222222222,20748.13,8.410277777777777,576.3369444444445,0.36842105263157887,Maintain current tariff
Coimbatore_to_Ludhiana,39,442.3569230769231,2.8974358974358974,0.4358974358974359,20050.37,7.441282051282051,514.1120512820513,0.4473684210526314,Maintain current tariff
Coimbatore_to_Meerut,43,403.0746511627907,3.0,0.4418604651162791,20429.93,7.165581395348838,475.1146511627907,0.5526315789473684,Maintain current tariff
Coimbatore_to_Mumbai,39,415.464358974359,3.3333333333333335,0.5641025641025641,18258.15,6.743846153846154,468.15769230769234,0.4473684210526314,Maintain current tariff
Coimbatore_to_Nagpur,45,478.4751111111111,2.8,0.35555555555555557,24720.25,7.544888888888888,549.3388888888888,0.6052631578947367,Reduce tariff by 5-10% to gain more volume
Coimbatore_to_Nashik,41,450.1965853658537,3.4146341463414633,0.5609756097560976,20979.86,7.877560975609756,511.70390243902443,0.5,Maintain current tariff
Coimbatore_to_Patna,47,397.24361702127663,3.0638297872340425,0.44680851063829785,22405.83,7.068297872340425,476.7197872340426,0.6578947368421051,Reduce tariff by 5-10% to gain more volume
Coimbatore_to_Pune,36,375.49805555555554,2.638888888888889,0.3055555555555556,15976.86,7.006666666666667,443.8016666666667,0.36842105263157887,Maintain current tariff
Coimbatore_to_Raipur,44,433.91295454545457,3.3863636363636362,0.5227272727272727,22186.18,7.641590909090909,504.23136363636365,0.5789473684210527,Maintain current tariff
Coimbatore_to_Ranchi,32,430.610625,3.0625,0.40625,15334.85,8.0115625,479.2140625,0.26315789473684204,Increase tariff by 10-15% to improve margin
Coimbatore_to_Shimla,31,528.5087096774193,2.870967741935484,0.3225806451612903,18048.18,9.408387096774195,582.1993548387097,0.23684210526315785,Increase tariff by 10-15% to improve margin
Coimbatore_to_Srinagar,42,403.7907142857143,2.761904761904762,0.38095238095238093,19426.39,7.138571428571429,462.5330952380952,0.5263157894736841,Maintain current tariff
Coimbatore_to_Surat,35,388.05057142857146,2.8857142857142857,0.37142857142857144,16150.51,7.265714285714285,461.44314285714285,0.3421052631578947,Maintain current tariff
Coimbatore_to_Thiruvananthapuram,41,469.58902439024394,3.2439024390243905,0.4146341463414634,21757.05,8.419512195121952,530.659756097561,0.5,Maintain current tariff
Coimbatore_to_Varanasi,37,357.46675675675675,2.7567567567567566,0.2972972972972973,15770.199999999999,6.501351351351351,426.2216216216216,0.39473684210526305,Maintain current tariff
Coimbatore_to_Vijayawada,44,441.3470454545455,2.6363636363636362,0.22727272727272727,22522.13,7.4593181818181815,511.8665909090909,0.5789473684210527,Maintain current tariff
Coimbatore_to_Vizag,33,457.74333333333334,2.757575757575758,0.3333333333333333,17215.52,7.828181818181818,521.6824242424243,0.2894736842105262,Increase tariff by 10-15% to improve margin
Dehradun_to_Agra,37,450.02810810810814,2.8378378378378377,0.3783783783783784,18898.49,8.702162162162162,510.77000000000004,0.39473684210526305,Maintain current tariff
Dehradun_to_Ahmedabad,37,439.01243243243243,2.7837837837837838,0.2972972972972973,18766.18,7.872972972972973,507.19405405405405,0.39473684210526305,Maintain current tariff
Dehradun_to_Amritsar,40,435.9025,3.075,0.425,19639.49,7.544,490.98725,0.4736842105263157,Maintain current tariff
Dehradun_to_Aurangabad,25,379.76120000000003,3.44,0.6,11218.42,7.5228,448.7368,0.07894736842105254,Increase tariff by 10-15% to improve margin
Dehradun_to_Bangalore,43,432.3804651162791,3.046511627906977,0.4186046511627907,21245.77,7.961162790697674,494.08767441860465,0.5526315789473684,Maintain current tariff
Dehradun_to_Bhopal,42,464.7266666666667,3.0714285714285716,0.40476190476190477,22299.02,7.9157142857142855,530.9290476190477,0.5263157894736841,Maintain current tariff
Dehradun_to_Bhubaneswar,46,435.0839130434783,2.782608695652174,0.2608695652173913,23182.27,7.502391304347826,503.9623913043478,0.631578947368421,Reduce tariff by 5-10% to gain more volume
Dehradun_to_Chandigarh,51,399.0686274509804,3.0784313725490198,0.39215686274509803,23959.34,7.213333333333333,469.7909803921569,0.763157894736842,Reduce tariff by 5-10% to gain more volume
Dehradun_to_Chennai,45,412.23822222222225,2.6,0.28888888888888886,22238.37,7.301333333333333,494.186,0.6052631578947367,Reduce tariff by 5-10% to gain more volume
Dehradun_to_Coimbatore,42,463.3257142857143,3.3333333333333335,0.5,22295.3,7.729285714285714,530.8404761904761,0.5263157894736841,Maintain current tariff
Dehradun_to_Delhi,42,426.76452380952384,2.9523809523809526,0.42857142857142855,21323.61,7.558809523809523,507.70500000000004,0.5263157894736841,Maintain current tariff
Dehradun_to_Guwahati,39,428.6494871794872,3.358974358974359,0.5128205128205128,19656.75,7.816410256410256,504.0192307692308,0.4473684210526314,Maintain current tariff
Dehradun_to_Hyderabad,51,467.90980392156865,3.0980392156862746,0.43137254901960786,26631.43,7.87,522.1849019607844,0.763157894736842,Reduce tariff by 5-10% to gain more volume
Dehradun_to_Indore,42,430.0185714285714,2.9761904761904763,0.40476190476190477,21382.01,7.503333333333333,509.0954761904762,0.5263157894736841,Maintain current tariff
Dehradun_to_Jaipur,28,375.0496428571428,3.107142857142857,0.39285714285714285,12224.71,7.279285714285714,436.59678571428566,0.1578947368421052,Increase tariff by 10-15% to improve margin
Dehradun_to_Jamshedpur,35,402.53085714285714,3.2285714285714286,0.5714285714285714,16432.77,6.961714285714286,469.5077142857143,0.3421052631578947,Maintain current tariff
Dehradun_to_Kochi,37,475.35621621621624,3.081081081081081,0.40540540540540543,20011.04,7.8983783783783785,540.8389189189189,0.39473684210526305,Maintain current tariff
Dehradun_to_Kolkata,39,399.6179487179487,2.8205128205128207,0.3333333333333333,18132.11,7.096153846153846,464.92589743589747,0.4473684210526314,Maintain current tariff
Dehradun_to_Lucknow,42,423.8333333333333,3.2142857142857144,0.47619047619047616,20713.96,6.994047619047619,493.1895238095238,0.5263157894736841,Maintain current tariff
Dehradun_to_Ludhiana,41,511.8131707317073,3.1707317073170733,0.34146341463414637,23290.21,8.648536585365854,568.0539024390243,0.5,Maintain current tariff
Dehradun_to_Meerut,40,411.633,3.125,0.375,19292.55,7.0329999999999995,482.31374999999997,0.4736842105263157,Maintain current tariff
Dehradun_to_Mumbai,37,493.0443243243243,3.081081081081081,0.40540540540540543,20407.61,8.671621621621622,551.5570270270271,0.39473684210526305,Maintain current tariff
Dehradun_to_Nagpur,38,446.12763157894733,3.4473684210526314,0.6052631578947368,19422.42,7.527368421052632,511.1163157894736,0.42105263157894735,Maintain current tariff
Dehradun_to_Nashik,33,479.88575757575757,2.787878787878788,0.30303030303030304,18056.760000000002,8.248787878787878,547.1745454545455,0.2894736842105262,Increase tariff by 10-15% to improve margin
Dehradun_to_Patna,31,462.87129032258065,2.838709677419355,0.3548387096774194,16877.03,8.381290322580645,544.4203225806451,0.23684210526315785,Increase tariff by 10-15% to improve margin
Dehradun_to_Pune,41,456.48146341463416,2.6097560975609757,0.24390243902439024,21020.83,8.10439024390244,512.7031707317074,0.5,Maintain current tariff
Dehradun_to_Raipur,44,457.6890909090909,3.022727272727273,0.45454545454545453,23075.26,7.753863636363636,524.4377272727272,0.5789473684210527,Maintain current tariff
Dehradun_to_Ranchi,46,380.50282608695653,2.9782608695652173,0.41304347826086957,20550.72,6.637173913043478,446.7547826086957,0.631578947368421,Reduce tariff by 5-10% to gain more volume
Dehradun_to_Shimla,45,516.2971111111111,2.933333333333333,0.37777777777777777,25851.41,8.437333333333333,574.4757777777778,0.6052631578947367,Reduce tariff by 5-10% to gain more volume
Dehradun_to_Srinagar,45,425.3086666666667,2.911111111111111,0.3333333333333333,22113.51,7.714222222222222,491.4113333333333,0.6052631578947367,Reduce tariff by 5-10% to gain more volume
Dehradun_to_Surat,40,503.26324999999997,2.7,0.225,23228.35,8.3535,580.70875,0.4736842105263157,Maintain current tariff
Dehradun_to_Thiruvananthapuram,42,435.91523809523807,3.3333333333333335,0.47619047619047616,21374.100000000002,7.453571428571429,508.9071428571429,0.5263157894736841,Maintain current tariff
Dehradun_to_Varanasi,33,474.3939393939394,2.6363636363636362,0.30303030303030304,18074.3,7.390909090909091,547.7060606060605,0.2894736842105262,Increase tariff by 10-15% to improve margin
Dehradun_to_Vijayawada,42,468.05309523809524,2.7857142857142856,0.35714285714285715,22264.63,7.951190476190476,530.1102380952382,0.5263157894736841,Maintain current tariff
Dehradun_to_Vizag,36,448.34583333333336,2.7222222222222223,0.2777777777777778,19312.83,7.953333333333333,536.4675000000001,0.36842105263157887,Maintain current tariff
Delhi_to_Agra,32,416.9390625,3.3125,0.4375,15406.18,6.29,481.443125,0.26315789473684204,Increase tariff by 10-15% to improve margin
Delhi_to_Ahmedabad,32,424.404375,3.0625,0.4375,15843.98,7.3984375,495.124375,0.26315789473684204,Increase tariff by 10-15% to improve margin
Delhi_to_Amritsar,43,421.41651162790697,2.7209302325581395,0.20930232558139536,20828.72,7.443953488372093,484.3888372093024,0.5526315789473684,Maintain current tariff
Delhi_to_Aurangabad,39,395.34410256410257,2.8461538461538463,0.3333333333333333,17860.11,7.4174358974358965,457.95153846153846,0.4473684210526314,Maintain current tariff
Delhi_to_Bangalore,45,386.7997777777778,2.7555555555555555,0.3333333333333333,20389.8,7.258444444444445,453.1066666666666,0.6052631578947367,Reduce tariff by 5-10% to gain more volume
Delhi_to_Bhopal,42,400.23238095238094,3.0476190476190474,0.40476190476190477,19724.36,7.100952380952381,469.6276190476191,0.5263157894736841,Maintain current tariff
Delhi_to_Bhubaneswar,32,521.2834375,3.21875,0.4375,18744.82,8.045,585.775625,0.26315789473684204,Increase tariff by 10-15% to improve margin
Delhi_to_Chandigarh,43,376.4186046511628,3.0930232558139537,0.46511627906976744,19072.01,6.626511627906977,443.5351162790697,0.5526315789473684,Maintain current tariff
Delhi_to_Chennai,36,492.9719444444444,3.1944444444444446,0.4722222222222222,20742.74,8.389722222222222,576.1872222222223,0.36842105263157887,Maintain current tariff
Delhi_to_Coimbatore,35,458.616,3.4571428571428573,0.5142857142857142,17989.45,7.587999999999999,513.9842857142858,0.3421052631578947,Maintain current tariff
Delhi_to_Dehradun,37,381.1091891891892,3.1621621621621623,0.5405405405405406,16582.53,7.455405405405406,448.17648648648645,0.39473684210526305,Maintain current tariff
Delhi_to_Guwahati,38,507.20421052631576,3.263157894736842,0.5263157894736842,21631.8,9.292105263157895,569.2578947368421,0.42105263157894735,Maintain current tariff
Delhi_to_Hyderabad,44,433.2570454545455,3.0454545454545454,0.36363636363636365,21330.51,7.555454545454546,484.78431818181815,0.5789473684210527,Maintain current tariff
Delhi_to_Indore,45,382.4,3.2444444444444445,0.4888888888888889,20277.74,7.262222222222222,450.6164444444445,0.6052631578947367,Reduce tariff by 5-10% to gain more volume
Delhi_to_Jaipur,41,401.01707317073175,2.5853658536585367,0.2926829268292683,19236.41,7.108780487804878,469.1807317073171,0.5,Maintain current tariff
Delhi_to_Jamshedpur,42,443.09833333333336,2.7857142857142856,0.3333333333333333,21566.06,7.682380952380951,513.4776190476191,0.5263157894736841,Maintain current tariff
Delhi_to_Kochi,39,489.12820512820514,2.9743589743589745,0.46153846153846156,21459.07,8.260769230769231,550.2325641025641,0.4473684210526314,Maintain current tariff
Delhi_to_Kolkata,43,472.6290697674418,2.9767441860465116,0.37209302325581395,22867.78,8.585348837209303,531.8088372093023,0.5526315789473684,Maintain current tariff
Delhi_to_Lucknow,37,388.29783783783785,2.918918918918919,0.32432432432432434,17025.33,7.2489189189189185,460.1440540540541,0.39473684210526305,Maintain current tariff
Delhi_to_Ludhiana,48,497.67041666666665,2.625,0.3333333333333333,26886.65,8.211666666666668,560.1385416666667,0.6842105263157894,Reduce tariff by 5-10% to gain more volume
Delhi_to_Meerut,50,394.5418,3.06,0.38,22911.69,6.959199999999999,458.2338,0.7368421052631577,Reduce tariff by 5-10% to gain more volume
Delhi_to_Mumbai,46,443.14456521739135,3.1739130434782608,0.41304347826086957,23225.0,7.3519565217391305,504.89130434782606,0.631578947368421,Reduce tariff by 5-10% to gain more volume
Delhi_to_Nagpur,53,457.6175471698113,2.6792452830188678,0.2641509433962264,27610.63,8.241320754716982,520.9552830188679,0.8157894736842104,Reduce tariff by 5-10% to gain more volume
Delhi_to_Nashik,42,393.82690476190476,3.1904761904761907,0.4523809523809524,20261.25,7.576904761904762,482.4107142857143,0.5263157894736841,Maintain current tariff
Delhi_to_Patna,37,418.73837837837834,2.972972972972973,0.40540540540540543,17992.05,7.193513513513514,486.2716216216216,0.39473684210526305,Maintain current tariff
Delhi_to_Pune,40,427.2405,3.125,0.4,20537.88,7.71225,513.447,0.4736842105263157,Maintain current tariff
Delhi_to_Raipur,46,530.898695652174,3.0652173913043477,0.5,27422.85,8.507608695652175,596.1489130434783,0.631578947368421,Reduce tariff by 5-10% to gain more volume
Delhi_to_Ranchi,42,486.1697619047619,2.9285714285714284,0.35714285714285715,23866.02,8.975,568.2385714285714,0.5263157894736841,Maintain current tariff
Delhi_to_Shimla,39,417.98999999999995,2.8205128205128207,0.4358974358974359,18528.7,7.326410256410257,475.09487179487184,0.4473684210526314,Maintain current tariff
Delhi_to_Srinagar,45,428.34444444444443,3.422222222222222,0.5111111111111111,21848.53,7.730888888888889,485.5228888888889,0.6052631578947367,Reduce tariff by 5-10% to gain more volume
Delhi_to_Surat,39,410.9769230769231,2.3333333333333335,0.1794871794871795,19304.9,7.83948717948718,494.99743589743593,0.4473684210526314,Maintain current tariff
Delhi_to_Thiruvananthapuram,38,455.0052631578948,2.9473684210526314,0.39473684210526316,20175.2,7.319473684210526,530.9263157894737,0.42105263157894735,Maintain current tariff
Delhi_to_Varanasi,30,481.697,3.2,0.5333333333333333,16463.32,8.428,548.7773333333333,0.21052631578947367,Increase tariff by 10-15% to improve margin
Delhi_to_Vijayawada,42,424.9238095238095,3.1904761904761907,0.5,20571.05,7.824999999999999,489.78690476190474,0.5263157894736841,Maintain current tariff
Delhi_to_Vizag,38,444.97631578947363,2.8947368421052633,0.34210526315789475,19289.74,7.812894736842105,507.6247368421053,0.42105263157894735,Maintain current tariff
Guwahati_to_Agra,30,462.023,2.8,0.36666666666666664,15928.14,7.454666666666666,530.938,0.21052631578947367,Increase tariff by 10-15% to improve margin
Guwahati_to_Ahmedabad,44,478.6256818181818,3.25,0.4090909090909091,24150.829999999998,8.523863636363636,548.8824999999999,0.5789473684210527,Maintain current tariff
Guwahati_to_Amritsar,38,397.8068421052632,3.026315789473684,0.42105263157894735,17635.22,7.611578947368422,464.0847368421053,0.42105263157894735,Maintain current tariff
Guwahati_to_Aurangabad,36,447.7775,3.3055555555555554,0.5,17989.739999999998,7.694999999999999,499.7149999999999,0.36842105263157887,Maintain current tariff
Guwahati_to_Bangalore,35,423.426,3.142857142857143,0.45714285714285713,16942.04,7.447428571428572,484.0582857142857,0.3421052631578947,Maintain current tariff
Guwahati_to_Bhopal,37,443.1213513513514,2.72972972972973,0.35135135135135137,18630.57,7.311081081081081,503.5289189189189,0.39473684210526305,Maintain current tariff
Guwahati_to_Bhubaneswar,51,437.77215686274513,3.156862745098039,0.4117647058823529,25645.3,7.45156862745098,502.8490196078431,0.763157894736842,Reduce tariff by 5-10% to gain more volume
Guwahati_to_Chandigarh,41,461.64000000000004,3.0,0.3902439024390244,21551.22,8.042682926829269,525.6395121951219,0.5,Maintain current tariff
Guwahati_to_Chennai,34,423.28382352941173,3.176470588235294,0.5,17167.65,7.841764705882353,504.93088235294124,0.3157894736842104,Maintain current tariff
Guwahati_to_Coimbatore,36,449.42583333333334,3.25,0.5,18512.17,7.882499999999999,514.2269444444444,0.36842105263157887,Maintain current tariff
Guwahati_to_Dehradun,36,452.1305555555556,3.0555555555555554,0.3888888888888889,18971.34,8.088333333333333,526.9816666666667,0.36842105263157887,Maintain current tariff
Guwahati_to_Delhi,37,485.24837837837833,2.972972972972973,0.40540540540540543,20552.02,8.837297297297297,555.46,0.39473684210526305,Maintain current tariff
Guwahati_to_Hyderabad,31,409.4183870967742,2.967741935483871,0.3548387096774194,15092.97,7.48258064516129,486.87,0.23684210526315785,Increase tariff by 10-15% to improve margin
Guwahati_to_Indore,47,421.5876595744681,2.9361702127659575,0.3191489361702128,23231.82,7.213829787234043,494.2940425531915,0.6578947368421051,Reduce tariff by 5-10% to gain more volume
Guwahati_to_Jaipur,41,528.3390243902439,3.097560975609756,0.4146341463414634,24215.13,8.750243902439024,590.6129268292683,0.5,Maintain current tariff
Guwahati_to_Jamshedpur,39,430.21846153846155,3.0,0.38461538461538464,19601.15,7.513589743589744,502.5935897435898,0.4473684210526314,Maintain current tariff
Guwahati_to_Kochi,47,501.8436170212766,3.148936170212766,0.5106382978723404,26452.28,8.155957446808511,562.8144680851063,0.6578947368421051,Reduce tariff by 5-10% to gain more volume
Guwahati_to_Kolkata,47,474.8951063829787,3.2127659574468086,0.48936170212765956,25664.15,7.835744680851064,546.045744680851,0.6578947368421051,Reduce tariff by 5-10% to gain more volume
Guwahati_to_Lucknow,42,437.5995238095238,3.2142857142857144,0.47619047619047616,21363.37,7.313095238095237,508.65166666666664,0.5263157894736841,Maintain current tariff
Guwahati_to_Ludhiana,48,524.7427083333333,2.875,0.3333333333333333,27846.11,8.679583333333333,580.1272916666667,0.6842105263157894,Reduce tariff by 5-10% to gain more volume
Guwahati_to_Meerut,34,418.9226470588235,2.823529411764706,0.35294117647058826,16362.92,7.659411764705883,481.26235294117646,0.3157894736842104,Maintain current tariff
Guwahati_to_Mumbai,34,391.0211764705882,2.8529411764705883,0.29411764705882354,15738.8,6.735588235294117,462.90588235294115,0.3157894736842104,Maintain current tariff
Guwahati_to_Nagpur,41,496.2426829268293,2.658536585365854,0.3170731707317073,22748.21,8.538048780487806,554.8343902439024,0.5,Maintain current tariff
Guwahati_to_Nashik,37,416.1459459459459,3.1621621621621623,0.40540540540540543,17453.15,7.356216216216216,471.7067567567568,0.39473684210526305,Maintain current tariff
Guwahati_to_Patna,45,417.2568888888889,2.933333333333333,0.37777777777777777,21680.18,7.44088888888889,481.7817777777778,0.6052631578947367,Reduce tariff by 5-10% to gain more volume
Guwahati_to_Pune,44,453.525,2.7954545454545454,0.36363636363636365,23088.9,7.795454545454546,524.7477272727273,0.5789473684210527,Maintain current tariff
Guwahati_to_Raipur,36,420.53166666666664,2.8055555555555554,0.3333333333333333,17071.42,8.21,474.20611111111106,0.36842105263157887,Maintain current tariff
Guwahati_to_Ranchi,33,426.3263636363636,3.242424242424242,0.48484848484848486,16239.38,7.58030303030303,492.1024242424242,0.2894736842105262,Increase tariff by 10-15% to improve margin
Guwahati_to_Shimla,44,465.0190909090909,2.909090909090909,0.4318181818181818,22770.99,8.076590909090909,517.5225,0.5789473684210527,Maintain current tariff
Guwahati_to_Srinagar,42,470.4111904761905,3.0952380952380953,0.42857142857142855,23207.27,8.185714285714287,552.5540476190477,0.5263157894736841,Maintain current tariff
Guwahati_to_Surat,33,394.91575757575754,2.9393939393939394,0.42424242424242425,15394.63,7.46060606060606,466.5039393939394,0.2894736842105262,Increase tariff by 10-15% to improve margin
Guwahati_to_Thiruvananthapuram,38,475.99394736842106,2.526315789473684,0.23684210526315788,20537.61,7.590263157894737,540.4634210526316,0.42105263157894735,Maintain current tariff
Guwahati_to_Varanasi,30,445.954,3.2333333333333334,0.4666666666666667,14843.35,8.511999999999999,494.77833333333336,0.21052631578947367,Increase tariff by 10-15% to improve margin
Guwahati_to_Vijayawada,39,439.9141025641026,2.7435897435897436,0.3076923076923077,19559.82,7.908974358974358,501.5338461538461,0.4473684210526314,Maintain current tariff
Guwahati_to_Vizag,41,370.97073170731704,3.292682926829268,0.43902439024390244,18384.6,6.158536585365853,448.40487804878046,0.5,Maintain current tariff
Hyderabad_to_Agra,48,403.37833333333333,2.875,0.3541666666666667,22406.25,7.663125,466.796875,0.6842105263157894,Reduce tariff by 5-10% to gain more volume
Hyderabad_to_Ahmedabad,36,442.1675,3.1666666666666665,0.4722222222222222,18377.07,7.986111111111111,510.47416666666663,0.36842105263157887,Maintain current tariff
Hyderabad_to_Amritsar,32,470.635,3.0625,0.4375,17455.94,8.42625,545.498125,0.26315789473684204,Increase tariff by 10-15% to improve margin
Hyderabad_to_Aurangabad,40,466.73975,3.05,0.425,22128.26,7.7459999999999996,553.2065,0.4736842105263157,Maintain current tariff
Hyderabad_to_Bangalore,42,409.5954761904762,2.7142857142857144,0.3333333333333333,19968.73,7.111190476190477,475.44595238095235,0.5263157894736841,Maintain current tariff
Hyderabad_to_Bhopal,41,444.1531707317073,2.8536585365853657,0.34146341463414637,21350.51,7.764390243902438,520.7441463414634,0.5,Maintain current tariff
Hyderabad_to_Bhubaneswar,29,480.2065517241379,2.5517241379310347,0.27586206896551724,15985.44,8.221379310344828,551.2220689655172,0.18421052631578938,Increase tariff by 10-15% to improve margin
Hyderabad_to_Chandigarh,39,392.5628205128205,3.2564102564102564,0.4358974358974359,17965.12,7.2394871794871785,460.6441025641025,0.4473684210526314,Maintain current tariff
Hyderabad_to_Chennai,28,400.90392857142854,3.25,0.42857142857142855,13377.79,7.410714285714286,477.77821428571434,0.1578947368421052,Increase tariff by 10-15% to improve margin
Hyderabad_to_Coimbatore,42,433.03214285714284,2.761904761904762,0.2619047619047619,20890.86,7.51404761904762,497.4014285714286,0.5263157894736841,Maintain current tariff
Hyderabad_to_Dehradun,28,399.71214285714285,2.642857142857143,0.32142857142857145,13314.42,7.340000000000001,475.515,0.1578947368421052,Increase tariff by 10-15% to improve margin
Hyderabad_to_Delhi,34,499.4958823529412,2.735294117647059,0.3235294117647059,18868.88,7.971176470588235,554.9670588235294,0.3157894736842104,Maintain current tariff
Hyderabad_to_Guwahati,29,421.548275862069,3.1379310344827585,0.5172413793103449,14335.95,7.60448275862069,494.3431034482759,0.18421052631578938,Increase tariff by 10-15% to improve margin
Hyderabad_to_Indore,40,471.96274999999997,3.075,0.4,21770.56,8.139,544.264,0.4736842105263157,Maintain current tariff
Hyderabad_to_Jaipur,32,389.2078125,3.125,0.40625,14716.06,7.023125,459.876875,0.26315789473684204,Increase tariff by 10-15% to improve margin
Hyderabad_to_Jamshedpur,35,402.1985714285714,3.057142857142857,0.42857142857142855,16843.74,6.904857142857143,481.24971428571433,0.3421052631578947,Maintain current tariff
Hyderabad_to_Kochi,32,537.5778125,2.8125,0.3125,19351.12,8.315625,604.7225,0.26315789473684204,Increase tariff by 10-15% to improve margin
Hyderabad_to_Kolkata,37,455.2064864864865,2.945945945945946,0.32432432432432434,18922.69,7.62054054054054,511.424054054054,0.39473684210526305,Maintain current tariff
Hyderabad_to_Lucknow,35,478.1528571428571,3.085714285714286,0.4,19073.84,8.718,544.9668571428572,0.3421052631578947,Maintain current tariff
Hyderabad_to_Ludhiana,36,450.45750000000004,3.0833333333333335,0.3888888888888889,19169.51,7.456111111111111,532.4863888888889,0.36842105263157887,Maintain current tariff
Hyderabad_to_Meerut,40,462.68375,3.075,0.4,21438.23,8.234,535.95575,0.4736842105263157,Maintain current tariff
Hyderabad_to_Mumbai,39,364.76948717948716,3.282051282051282,0.5128205128205128,16767.829999999998,6.769230769230769,429.9443589743589,0.4473684210526314,Maintain current tariff
Hyderabad_to_Nagpur,34,394.50735294117646,2.7058823529411766,0.35294117647058826,15936.56,7.035588235294118,468.72235294117644,0.3157894736842104,Maintain current tariff
Hyderabad_to_Nashik,28,364.1725,3.0357142857142856,0.39285714285714285,12079.81,6.2749999999999995,431.4217857142857,0.1578947368421052,Increase tariff by 10-15% to improve margin
Hyderabad_to_Patna,42,462.65071428571434,3.3333333333333335,0.5476190476190477,22564.08,8.221190476190477,537.24,0.5263157894736841,Maintain current tariff
Hyderabad_to_Pune,32,492.1378125,2.75,0.28125,17617.38,8.6946875,550.543125,0.26315789473684204,Increase tariff by 10-15% to improve margin
Hyderabad_to_Raipur,39,468.06205128205124,3.076923076923077,0.38461538461538464,20666.37,7.588205128205128,529.906923076923,0.4473684210526314,Maintain current tariff
Hyderabad_to_Ranchi,45,485.78999999999996,2.933333333333333,0.4,25170.93,8.164666666666667,559.354,0.6052631578947367,Reduce tariff by 5-10% to gain more volume
Hyderabad_to_Shimla,35,415.2617142857143,2.7714285714285714,0.37142857142857144,16631.46,7.674857142857143,475.1845714285714,0.3421052631578947,Maintain current tariff
Hyderabad_to_Srinagar,44,473.2927272727273,3.1818181818181817,0.4318181818181818,23956.63,7.9359090909090915,544.4688636363636,0.5789473684210527,Maintain current tariff
Hyderabad_to_Surat,40,379.7275,3.25,0.475,18141.99,6.45425,453.54975,0.4736842105263157,Maintain current tariff
Hyderabad_to_Thiruvananthapuram,33,482.78636363636366,2.9696969696969697,0.42424242424242425,18164.88,8.325151515151516,550.4509090909091,0.2894736842105262,Increase tariff by 10-15% to improve margin
Hyderabad_to_Varanasi,45,438.5346666666667,3.2888888888888888,0.5333333333333333,22580.13,8.048444444444444,501.78066666666666,0.6052631578947367,Reduce tariff by 5-10% to gain more volume
Hyderabad_to_Vijayawada,33,420.5681818181818,3.0303030303030303,0.36363636363636365,16014.02,7.492727272727272,485.27333333333337,0.2894736842105262,Increase tariff by 10-15% to improve margin
Hyderabad_to_Vizag,28,392.1582142857143,2.9285714285714284,0.32142857142857145,13131.67,7.0225,468.98821428571426,0.1578947368421052,Increase tariff by 10-15% to improve margin
Indore_to_Agra,33,408.3681818181818,3.0303030303030303,0.36363636363636365,15603.76,7.663939393939394,472.84121212121215,0.2894736842105262,Increase tariff by 10-15% to improve margin
Indore_to_Ahmedabad,36,557.1133333333332,3.0833333333333335,0.4166666666666667,22957.7,9.115,637.713888888889,0.36842105263157887,Maintain current tariff
Indore_to_Amritsar,40,460.92699999999996,3.375,0.525,20906.04,7.911499999999999,522.6510000000001,0.4736842105263157,Maintain current tariff
Indore_to_Aurangabad,46,447.14021739130436,2.717391304347826,0.30434782608695654,23626.93,7.778695652173913,513.6289130434783,0.631578947368421,Reduce tariff by 5-10% to gain more volume
Indore_to_Bangalore,39,446.40179487179483,2.7435897435897436,0.358974358974359,20081.81,7.658461538461538,514.9182051282052,0.4473684210526314,Maintain current tariff
Indore_to_Bhopal,41,367.32146341463414,3.268292682926829,0.5121951219512195,17411.84,7.0756097560975615,424.6790243902439,0.5,Maintain current tariff
Indore_to_Bhubaneswar,38,470.87605263157894,3.1578947368421053,0.42105263157894735,20899.8,8.917105263157895,549.9947368421052,0.42105263157894735,Maintain current tariff
Indore_to_Chandigarh,42,427.1580952380952,3.1666666666666665,0.42857142857142855,20611.11,7.7769047619047615,490.7407142857143,0.5263157894736841,Maintain current tariff
Indore_to_Chennai,37,368.69270270270266,3.4594594594594597,0.4864864864864865,16494.0,6.567027027027026,445.7837837837838,0.39473684210526305,Maintain current tariff
Indore_to_Coimbatore,30,410.825,2.7666666666666666,0.3333333333333333,15037.05,7.841666666666667,501.23499999999996,0.21052631578947367,Increase tariff by 10-15% to improve margin
Indore_to_Dehradun,40,467.46850000000006,2.95,0.45,21552.3,8.19775,538.8075,0.4736842105263157,Maintain current tariff
Indore_to_Delhi,38,477.77473684210526,3.0789473684210527,0.42105263157894735,20533.65,8.018684210526315,540.3592105263158,0.42105263157894735,Maintain current tariff
Indore_to_Guwahati,41,467.3882926829269,3.0,0.36585365853658536,21823.39,7.9192682926829265,532.2778048780488,0.5,Maintain current tariff
Indore_to_Hyderabad,43,372.18302325581396,2.627906976744186,0.32558139534883723,19594.19,7.078372093023256,455.6788372093023,0.5526315789473684,Maintain current tariff
Indore_to_Jaipur,35,391.4185714285714,3.057142857142857,0.45714285714285713,15900.99,7.539142857142857,454.314,0.3421052631578947,Maintain current tariff
Indore_to_Jamshedpur,36,452.9788888888889,2.6944444444444446,0.2222222222222222,19215.22,8.152777777777779,533.7561111111112,0.36842105263157887,Maintain current tariff
Indore_to_Kochi,45,438.7386666666667,2.6222222222222222,0.3111111111111111,22627.47,7.780666666666667,502.8326666666667,0.6052631578947367,Reduce tariff by 5-10% to gain more volume
Indore_to_Kolkata,41,392.7109756097561,2.5365853658536586,0.24390243902439024,18865.72,7.002926829268293,460.139512195122,0.5,Maintain current tariff
Indore_to_Lucknow,49,420.49653061224484,2.877551020408163,0.3469387755102041,23601.59,7.7693877551020405,481.66510204081635,0.7105263157894737,Reduce tariff by 5-10% to gain more volume
Indore_to_Ludhiana,36,447.92861111111114,3.0833333333333335,0.3888888888888889,18072.0,8.330833333333333,502.0,0.36842105263157887,Maintain current tariff
Indore_to_Meerut,36,475.3677777777778,3.25,0.4722222222222222,19119.79,8.455,531.1052777777778,0.36842105263157887,Maintain current tariff
Indore_to_Mumbai,42,452.22523809523807,2.880952380952381,0.38095238095238093,21876.99,7.9035714285714285,520.8807142857144,0.5263157894736841,Maintain current tariff
Indore_to_Nagpur,34,429.15147058823527,3.0588235294117645,0.4117647058823529,16733.19,7.284411764705883,492.1526470588235,0.3157894736842104,Maintain current tariff
Indore_to_Nashik,31,422.62225806451613,2.7419354838709675,0.3548387096774194,15656.92,7.579354838709678,505.06193548387097,0.23684210526315785,Increase tariff by 10-15% to improve margin
Indore_to_Patna,44,428.2347727272727,3.2954545454545454,0.5,22299.15,7.414545454545455,506.79886363636365,0.5789473684210527,Maintain current tariff
Indore_to_Pune,41,425.2470731707317,2.8780487804878048,0.36585365853658536,20455.09,7.545609756097561,498.9046341463415,0.5,Maintain current tariff
Indore_to_Raipur,39,374.5025641025641,2.8461538461538463,0.358974358974359,17189.41,6.735897435897436,440.75410256410254,0.4473684210526314,Maintain current tariff
Indore_to_Ranchi,48,471.5464583333333,2.8958333333333335,0.3333333333333333,26051.73,8.407708333333334,542.744375,0.6842105263157894,Reduce tariff by 5-10% to gain more volume
Indore_to_Shimla,36,418.61888888888893,3.138888888888889,0.4444444444444444,17848.37,7.776111111111111,495.7880555555555,0.36842105263157887,Maintain current tariff
Indore_to_Srinagar,36,484.17499999999995,2.888888888888889,0.3333333333333333,19969.16,8.624444444444444,554.6988888888889,0.36842105263157887,Maintain current tariff
Indore_to_Surat,44,416.25772727272727,3.1818181818181817,0.4318181818181818,21032.24,7.66,478.0054545454546,0.5789473684210527,Maintain current tariff
Indore_to_Thiruvananthapuram,30,413.77333333333337,3.1,0.43333333333333335,14617.85,7.724333333333334,487.26166666666666,0.21052631578947367,Increase tariff by 10-15% to improve margin
Indore_to_Varanasi,36,389.47444444444443,3.138888888888889,0.3611111111111111,16475.71,6.817222222222222,457.6586111111111,0.36842105263157887,Maintain current tariff
Indore_to_Vijayawada,44,434.8972727272727,3.1818181818181817,0.45454545454545453,21801.84,8.241363636363637,495.49636363636364,0.5789473684210527,Maintain current tariff
Indore_to_Vizag,42,449.0790476190476,3.0238095238095237,0.3333333333333333,22325.78,7.913333333333334,531.5661904761904,0.5263157894736841,Maintain current tariff
Jaipur_to_Agra,39,388.6223076923077,3.0,0.38461538461538464,17857.92,7.02102564102564,457.89538461538456,0.4473684210526314,Maintain current tariff
Jaipur_to_Ahmedabad,39,400.78205128205127,3.076923076923077,0.41025641025641024,18222.04,7.912051282051282,467.2317948717949,0.4473684210526314,Maintain current tariff
Jaipur_to_Amritsar,36,429.1986111111111,2.6944444444444446,0.3333333333333333,17614.01,7.564166666666667,489.2780555555555,0.36842105263157887,Maintain current tariff
Jaipur_to_Aurangabad,54,420.04314814814813,2.9074074074074074,0.37037037037037035,26251.34,7.737962962962963,486.1359259259259,0.8421052631578947,Reduce tariff by 5-10% to gain more volume
Jaipur_to_Bangalore,46,495.7032608695652,2.9565217391304346,0.391304347826087,25417.829999999998,8.591086956521739,552.5615217391304,0.631578947368421,Reduce tariff by 5-10% to gain more volume
Jaipur_to_Bhopal,43,424.03953488372093,3.0697674418604652,0.5116279069767442,20872.45,7.608372093023255,485.4058139534884,0.5526315789473684,Maintain current tariff
Jaipur_to_Bhubaneswar,48,438.0310416666666,3.125,0.5,23850.97,7.858333333333333,496.89520833333336,0.6842105263157894,Reduce tariff by 5-10% to gain more volume
Jaipur_to_Chandigarh,34,460.38029411764705,3.176470588235294,0.4411764705882353,18641.97,8.132941176470588,548.2932352941177,0.3157894736842104,Maintain current tariff
Jaipur_to_Chennai,33,510.78424242424245,2.8181818181818183,0.36363636363636365,18828.09,8.827878787878788,570.5481818181818,0.2894736842105262,Increase tariff by 10-15% to improve margin
Jaipur_to_Coimbatore,43,444.723488372093,3.2093023255813953,0.4186046511627907,22010.55,7.416511627906977,511.87325581395345,0.5526315789473684,Maintain current tariff
Jaipur_to_Dehradun,41,373.9570731707317,2.8780487804878048,0.3902439024390244,18550.99,6.5946341463414635,452.46317073170735,0.5,Maintain current tariff
Jaipur_to_Delhi,40,436.899,3.025,0.375,19920.05,7.596500000000001,498.00124999999997,0.4736842105263157,Maintain current tariff
Jaipur_to_Guwahati,40,502.94525000000004,3.125,0.375,22602.6,8.42375,565.0649999999999,0.4736842105263157,Maintain current tariff
Jaipur_to_Hyderabad,45,432.6684444444445,2.977777777777778,0.4222222222222222,22539.3,7.554666666666666,500.87333333333333,0.6052631578947367,Reduce tariff by 5-10% to gain more volume
Jaipur_to_Indore,39,437.33538461538456,2.5128205128205128,0.23076923076923078,19643.9,8.103333333333333,503.6897435897436,0.4473684210526314,Maintain current tariff
Jaipur_to_Jamshedpur,29,382.5651724137931,2.8620689655172415,0.3448275862068966,13131.87,6.587931034482759,452.8231034482759,0.18421052631578938,Increase tariff by 10-15% to improve margin
Jaipur_to_Kochi,33,504.16909090909087,3.121212121212121,0.48484848484848486,19406.760000000002,8.900909090909092,588.0836363636364,0.2894736842105262,Increase tariff by 10-15% to improve margin
Jaipur_to_Kolkata,37,483.424054054054,3.189189189189189,0.5135135135135135,20107.72,8.31972972972973,543.4518918918919,0.39473684210526305,Maintain current tariff
Jaipur_to_Lucknow,34,466.35264705882355,3.0294117647058822,0.4411764705882353,18265.1,8.042058823529413,537.2088235294117,0.3157894736842104,Maintain current tariff
Jaipur_to_Ludhiana,44,411.0190909090909,2.7954545454545454,0.3181818181818182,21164.93,7.270227272727272,481.02113636363634,0.5789473684210527,Maintain current tariff
Jaipur_to_Meerut,43,355.5079069767442,3.0697674418604652,0.3488372093023256,18038.61,6.122790697674418,419.50255813953487,0.5526315789473684,Maintain current tariff
Jaipur_to_Mumbai,34,458.7194117647059,3.088235294117647,0.47058823529411764,17764.78,8.045588235294119,522.4935294117647,0.3157894736842104,Maintain current tariff
Jaipur_to_Nagpur,33,475.1375757575758,2.878787878787879,0.36363636363636365,18483.02,8.50909090909091,560.0915151515152,0.2894736842105262,Increase tariff by 10-15% to improve margin
Jaipur_to_Nashik,35,446.0002857142857,3.2285714285714286,0.45714285714285713,18378.03,7.832571428571428,525.0865714285713,0.3421052631578947,Maintain current tariff
Jaipur_to_Patna,34,432.66852941176467,3.0,0.4411764705882353,17629.16,7.186764705882353,518.5047058823529,0.3157894736842104,Maintain current tariff
Jaipur_to_Pune,42,401.35190476190473,2.761904761904762,0.3333333333333333,19634.92,7.3530952380952375,467.4980952380952,0.5263157894736841,Maintain current tariff
Jaipur_to_Raipur,42,434.84261904761905,2.642857142857143,0.3333333333333333,21374.489999999998,7.839999999999999,508.9164285714285,0.5263157894736841,Maintain current tariff
Jaipur_to_Ranchi,42,506.3892857142857,3.0952380952380953,0.5,23845.21,8.192619047619049,567.7430952380952,0.5263157894736841,Maintain current tariff
Jaipur_to_Shimla,42,426.4592857142857,2.9285714285714284,0.38095238095238093,20737.3,7.255714285714286,493.74523809523805,0.5263157894736841,Maintain current tariff
Jaipur_to_Srinagar,36,459.7372222222223,2.8055555555555554,0.3888888888888889,19302.71,8.371111111111112,536.1863888888888,0.36842105263157887,Maintain current tariff
Jaipur_to_Surat,35,433.03428571428566,3.142857142857143,0.42857142857142855,17587.25,7.582857142857142,502.49285714285713,0.3421052631578947,Maintain current tariff
Jaipur_to_Thiruvananthapuram,35,392.14685714285713,3.257142857142857,0.42857142857142855,15772.85,6.855142857142857,450.65285714285716,0.3421052631578947,Maintain current tariff
Jaipur_to_Varanasi,40,485.4965,3.05,0.375,22300.02,8.25425,557.5005,0.4736842105263157,Maintain current tariff
Jaipur_to_Vijayawada,35,526.9131428571428,2.942857142857143,0.34285714285714286,21132.47,8.164857142857143,603.7848571428572,0.3421052631578947,Maintain current tariff
Jaipur_to_Vizag,38,527.2728947368421,2.9210526315789473,0.39473684210526316,23049.77,7.890789473684211,606.5728947368422,0.42105263157894735,Maintain current tariff
Jamshedpur_to_Agra,45,489.536,3.066666666666667,0.37777777777777777,24778.86,8.133999999999999,550.6413333333334,0.6052631578947367,Reduce tariff by 5-10% to gain more volume
Jamshedpur_to_Ahmedabad,35,471.3274285714285,2.9714285714285715,0.37142857142857144,18569.42,8.426285714285715,530.5548571428571,0.3421052631578947,Maintain current tariff
Jamshedpur_to_Amritsar,37,478.4256756756757,2.7027027027027026,0.32432432432432434,20080.14,7.94972972972973,542.7064864864865,0.39473684210526305,Maintain current tariff
Jamshedpur_to_Aurangabad,34,449.00382352941176,2.9705882352941178,0.38235294117647056,17749.08,7.581176470588235,522.0317647058824,0.3157894736842104,Maintain current tariff
Jamshedpur_to_Bangalore,36,419.4747222222222,3.0833333333333335,0.4166666666666667,17702.25,7.645,491.7291666666667,0.36842105263157887,Maintain current tariff
Jamshedpur_to_Bhopal,30,469.1406666666666,3.466666666666667,0.6,16468.25,8.247333333333334,548.9416666666667,0.21052631578947367,Increase tariff by 10-15% to improve margin
Jamshedpur_to_Bhubaneswar,42,425.21452380952377,3.0238095238095237,0.4523809523809524,20497.71,7.469047619047619,488.0407142857143,0.5263157894736841,Maintain current tariff
Jamshedpur_to_Chandigarh,43,437.30023255813956,3.302325581395349,0.4883720930232558,21797.12,7.6388372093023245,506.9097674418604,0.5526315789473684,Maintain current tariff
Jamshedpur_to_Chennai,41,489.31975609756097,3.1463414634146343,0.4146341463414634,22583.82,7.610731707317074,550.8248780487805,0.5,Maintain current tariff
Jamshedpur_to_Coimbatore,51,433.54392156862747,2.980392156862745,0.47058823529411764,24969.15,7.107647058823529,489.59117647058827,0.763157894736842,Reduce tariff by 5-10% to gain more volume
Jamshedpur_to_Dehradun,30,468.3183333333333,3.1666666666666665,0.3333333333333333,16684.420000000002,7.981333333333334,556.1473333333334,0.21052631578947367,Increase tariff by 10-15% to improve margin
Jamshedpur_to_Delhi,34,389.41294117647055,2.6470588235294117,0.2647058823529412,16355.33,6.851764705882353,481.03911764705884,0.3157894736842104,Maintain current tariff
Jamshedpur_to_Guwahati,34,451.3276470588235,3.088235294117647,0.4117647058823529,17298.37,7.729705882352941,508.7755882352941,0.3157894736842104,Maintain current tariff
Jamshedpur_to_Hyderabad,59,471.81830508474576,3.1864406779661016,0.5084745762711864,31417.05,8.108983050847458,532.4923728813559,0.9736842105263157,Reduce tariff by 5-10% to gain more volume
Jamshedpur_to_Indore,46,426.2678260869565,2.782608695652174,0.3695652173913043,23024.54,7.565217391304348,500.5334782608696,0.631578947368421,Reduce tariff by 5-10% to gain more volume
Jamshedpur_to_Jaipur,55,426.6290909090909,2.6,0.3090909090909091,27112.91,7.539090909090909,492.962,0.8684210526315788,Reduce tariff by 5-10% to gain more volume
Jamshedpur_to_Kochi,37,428.29945945945946,3.027027027027027,0.40540540540540543,17900.54,7.552162162162162,483.7983783783784,0.39473684210526305,Maintain current tariff
Jamshedpur_to_Kolkata,28,515.9560714285715,2.75,0.2857142857142857,16625.08,8.373928571428571,593.7528571428572,0.1578947368421052,Increase tariff by 10-15% to improve margin
Jamshedpur_to_Lucknow,41,514.1012195121951,2.926829268292683,0.4146341463414634,24071.47,8.856097560975611,587.1090243902439,0.5,Maintain current tariff
Jamshedpur_to_Ludhiana,32,419.6828125,2.96875,0.3125,15446.04,8.0996875,482.68875,0.26315789473684204,Increase tariff by 10-15% to improve margin
Jamshedpur_to_Meerut,40,409.9875,2.625,0.275,18343.17,7.194750000000001,458.57924999999994,0.4736842105263157,Maintain current tariff
Jamshedpur_to_Mumbai,40,444.84250000000003,2.375,0.25,20150.73,7.1155,503.76824999999997,0.4736842105263157,Maintain current tariff
Jamshedpur_to_Nagpur,36,405.07138888888886,2.5833333333333335,0.25,17121.94,7.606388888888889,475.6094444444444,0.36842105263157887,Maintain current tariff
Jamshedpur_to_Nashik,43,432.99232558139533,2.7674418604651163,0.3023255813953488,21735.95,7.555581395348837,505.4872093023256,0.5526315789473684,Maintain current tariff
Jamshedpur_to_Patna,42,429.8954761904762,3.0238095238095237,0.4523809523809524,20318.28,7.356666666666667,483.7685714285714,0.5263157894736841,Maintain current tariff
Jamshedpur_to_Pune,36,486.6641666666667,3.361111111111111,0.4722222222222222,19660.31,8.023333333333333,546.1197222222222,0.36842105263157887,Maintain current tariff
Jamshedpur_to_Raipur,45,458.2073333333333,2.8444444444444446,0.3333333333333333,23873.42,7.464888888888889,530.5204444444444,0.6052631578947367,Reduce tariff by 5-10% to gain more volume
Jamshedpur_to_Ranchi,51,463.37392156862745,2.980392156862745,0.45098039215686275,27246.49,8.214313725490197,534.2449019607843,0.763157894736842,Reduce tariff by 5-10% to gain more volume
Jamshedpur_to_Shimla,37,442.70972972972976,3.108108108108108,0.43243243243243246,18714.08,8.235405405405405,505.78594594594597,0.39473684210526305,Maintain current tariff
Jamshedpur_to_Srinagar,45,374.03333333333336,2.688888888888889,0.28888888888888886,19646.829999999998,7.228222222222222,436.5962222222222,0.6052631578947367,Reduce tariff by 5-10% to gain more volume
Jamshedpur_to_Surat,42,485.5728571428572,3.0238095238095237,0.35714285714285715,23427.04,8.168571428571429,557.7866666666666,0.5263157894736841,Maintain current tariff
Jamshedpur_to_Thiruvananthapuram,34,578.2414705882353,2.6176470588235294,0.29411764705882354,21962.73,8.79264705882353,645.9626470588236,0.3157894736842104,Maintain current tariff
Jamshedpur_to_Varanasi,22,344.93,3.1363636363636362,0.45454545454545453,8982.04,6.563181818181818,408.2745454545455,0.0,Increase tariff by 10-15% to improve margin
Jamshedpur_to_Vijayawada,34,418.7220588235294,3.3529411764705883,0.4117647058823529,16477.2,6.70764705882353,484.6235294117647,0.3157894736842104,Maintain current tariff
Jamshedpur_to_Vizag,37,421.52810810810814,3.135135135135135,0.40540540540540543,18666.97,7.800000000000001,504.5127027027027,0.39473684210526305,Maintain current tariff
Kochi_to_Agra,38,421.3726315789474,2.9473684210526314,0.3684210526315789,18116.97,6.897105263157894,476.76236842105266,0.42105263157894735,Maintain current tariff
Kochi_to_Ahmedabad,36,424.88,2.7222222222222223,0.3611111111111111,17840.96,7.8066666666666675,495.5822222222222,0.36842105263157887,Maintain current tariff
Kochi_to_Amritsar,40,476.81575000000004,3.075,0.4,22466.6,7.847499999999999,561.665,0.4736842105263157,Maintain current tariff
Kochi_to_Aurangabad,40,486.94300000000004,2.7,0.3,22633.44,8.25375,565.836,0.4736842105263157,Maintain current tariff
Kochi_to_Bangalore,42,455.7119047619048,3.1904761904761907,0.4523809523809524,21905.66,7.700238095238094,521.5633333333333,0.5263157894736841,Maintain current tariff
Kochi_to_Bhopal,38,389.9694736842105,2.763157894736842,0.2631578947368421,17380.26,6.657105263157895,457.3752631578947,0.42105263157894735,Maintain current tariff
Kochi_to_Bhubaneswar,41,411.7346341463414,2.5853658536585367,0.2682926829268293,20199.13,7.277073170731708,492.6617073170732,0.5,Maintain current tariff
Kochi_to_Chandigarh,30,455.41633333333334,3.2,0.5,15819.4,7.690666666666667,527.3133333333333,0.21052631578947367,Increase tariff by 10-15% to improve margin
Kochi_to_Chennai,35,494.54628571428566,3.057142857142857,0.4,19925.6,8.496571428571428,569.3028571428571,0.3421052631578947,Maintain current tariff
Kochi_to_Coimbatore,37,409.2608108108108,3.1621621621621623,0.43243243243243246,17550.69,8.233513513513513,474.3429729729729,0.39473684210526305,Maintain current tariff
Kochi_to_Dehradun,36,467.74972222222226,3.3055555555555554,0.5277777777777778,19133.17,7.553333333333334,531.4769444444444,0.36842105263157887,Maintain current tariff
Kochi_to_Delhi,39,428.33923076923077,2.641025641025641,0.3333333333333333,19188.35,7.674615384615385,492.00897435897434,0.4473684210526314,Maintain current tariff
Kochi_to_Guwahati,51,403.73039215686276,3.0,0.37254901960784315,24297.81,7.59078431372549,476.42764705882354,0.763157894736842,Reduce tariff by 5-10% to gain more volume
Kochi_to_Hyderabad,38,478.80710526315795,3.210526315789474,0.47368421052631576,20761.13,8.218421052631578,546.3455263157895,0.42105263157894735,Maintain current tariff
Kochi_to_Indore,37,517.1924324324324,2.7567567567567566,0.35135135135135137,21045.04,8.663243243243244,568.7848648648649,0.39473684210526305,Maintain current tariff
Kochi_to_Jaipur,27,367.2807407407407,3.1481481481481484,0.48148148148148145,11892.83,7.014074074074074,440.4751851851852,0.13157894736842102,Increase tariff by 10-15% to improve margin
Kochi_to_Jamshedpur,44,412.2122727272727,2.727272727272727,0.29545454545454547,21647.13,7.425681818181818,491.9802272727273,0.5789473684210527,Maintain current tariff
Kochi_to_Kolkata,48,411.6066666666666,3.0833333333333335,0.4375,23288.55,7.611249999999999,485.17812499999997,0.6842105263157894,Reduce tariff by 5-10% to gain more volume
Kochi_to_Lucknow,38,396.5586842105263,3.0,0.39473684210526316,17421.04,7.3842105263157904,458.4484210526316,0.42105263157894735,Maintain current tariff
Kochi_to_Ludhiana,39,481.2879487179487,3.051282051282051,0.4358974358974359,20988.15,8.194358974358973,538.1576923076924,0.4473684210526314,Maintain current tariff
Kochi_to_Meerut,32,482.9703125,2.71875,0.28125,17800.38,8.3746875,556.261875,0.26315789473684204,Increase tariff by 10-15% to improve margin
Kochi_to_Mumbai,44,405.6384090909091,2.8181818181818183,0.3409090909090909,21482.64,7.0213636363636365,488.2418181818182,0.5789473684210527,Maintain current tariff
Kochi_to_Nagpur,44,458.8922727272727,3.4318181818181817,0.5,22743.21,8.247045454545455,516.8911363636363,0.5789473684210527,Maintain current tariff
Kochi_to_Nashik,36,489.51500000000004,2.75,0.2777777777777778,19954.39,9.092222222222222,554.2886111111111,0.36842105263157887,Maintain current tariff
Kochi_to_Patna,35,411.1005714285714,3.342857142857143,0.6,17048.31,7.647714285714287,487.09457142857144,0.3421052631578947,Maintain current tariff
Kochi_to_Pune,40,471.479,2.875,0.45,21578.76,8.25525,539.4689999999999,0.4736842105263157,Maintain current tariff
Kochi_to_Raipur,27,405.35777777777776,3.4074074074074074,0.5555555555555556,12607.41,7.561851851851851,466.9411111111111,0.13157894736842102,Increase tariff by 10-15% to improve margin
Kochi_to_Ranchi,28,413.1475,2.607142857142857,0.25,13170.11,7.1814285714285715,470.36107142857145,0.1578947368421052,Increase tariff by 10-15% to improve margin
Kochi_to_Shimla,44,448.8627272727272,3.1136363636363638,0.45454545454545453,23190.98,8.02659090909091,527.0677272727272,0.5789473684210527,Maintain current tariff
Kochi_to_Srinagar,40,362.57975,3.2,0.425,16260.99,7.3142499999999995,406.52475,0.4736842105263157,Maintain current tariff
Kochi_to_Surat,51,434.42058823529413,3.0392156862745097,0.37254901960784315,25493.27,7.96392156862745,499.8680392156863,0.763157894736842,Reduce tariff by 5-10% to gain more volume
Kochi_to_Thiruvananthapuram,39,484.1807692307692,3.4358974358974357,0.5384615384615384,21359.54,7.577435897435897,547.6805128205128,0.4473684210526314,Maintain current tariff
Kochi_to_Varanasi,48,432.9010416666667,2.9375,0.4583333333333333,24128.74,7.310208333333333,502.68208333333337,0.6842105263157894,Reduce tariff by 5-10% to gain more volume
Kochi_to_Vijayawada,44,463.2729545454545,2.9545454545454546,0.45454545454545453,23699.36,7.759318181818182,538.6218181818182,0.5789473684210527,Maintain current tariff
Kochi_to_Vizag,34,457.325,3.0588235294117645,0.38235294117647056,17747.14,8.040588235294118,521.974705882353,0.3157894736842104,Maintain current tariff
Kolkata_to_Agra,33,399.7821212121212,3.515151515151515,0.5757575757575758,15823.78,7.463030303030303,479.50848484848484,0.2894736842105262,Increase tariff by 10-15% to improve margin
Kolkata_to_Ahmedabad,37,444.68027027027034,3.054054054054054,0.4594594594594595,18538.86,8.372432432432431,501.0502702702703,0.39473684210526305,Maintain current tariff
Kolkata_to_Amritsar,41,462.9129268292683,2.902439024390244,0.4146341463414634,21254.07,7.595609756097561,518.3919512195122,0.5,Maintain current tariff
Kolkata_to_Aurangabad,32,443.540625,3.0625,0.40625,16261.91,7.0484375,508.1846875,0.26315789473684204,Increase tariff by 10-15% to improve margin
Kolkata_to_Bangalore,42,407.27166666666665,2.9523809523809526,0.4523809523809524,19771.31,7.382380952380952,470.7454761904762,0.5263157894736841,Maintain current tariff
Kolkata_to_Bhopal,39,454.52846153846156,2.8205128205128207,0.38461538461538464,19986.13,8.25974358974359,512.4648717948718,0.4473684210526314,Maintain current tariff
Kolkata_to_Bhubaneswar,37,458.4545945945946,3.5945945945945947,0.5405405405405406,19413.95,7.88972972972973,524.7013513513514,0.39473684210526305,Maintain current tariff
Kolkata_to_Chandigarh,40,398.0485,3.55,0.45,18973.72,7.65925,474.343,0.4736842105263157,Maintain current tariff
Kolkata_to_Chennai,39,475.5338461538461,2.6923076923076925,0.3333333333333333,21224.5,8.442051282051283,544.2179487179487,0.4473684210526314,Maintain current tariff
Kolkata_to_Coimbatore,47,498.5508510638298,3.0,0.425531914893617,26226.22,8.13191489361702,558.0046808510639,0.6578947368421051,Reduce tariff by 5-10% to gain more volume
Kolkata_to_Dehradun,48,471.6058333333333,3.1666666666666665,0.4375,26370.02,8.168333333333333,549.3754166666666,0.6842105263157894,Reduce tariff by 5-10% to gain more volume
Kolkata_to_Delhi,38,425.6531578947368,2.763157894736842,0.2894736842105263,18558.93,7.672631578947368,488.3928947368421,0.42105263157894735,Maintain current tariff
Kolkata_to_Guwahati,37,410.10432432432435,3.2432432432432434,0.4594594594594595,17883.05,7.404054054054054,483.32567567567565,0.39473684210526305,Maintain current tariff
Kolkata_to_Hyderabad,46,433.99804347826085,3.0,0.41304347826086957,22857.98,7.496086956521739,496.9126086956522,0.631578947368421,Reduce tariff by 5-10% to gain more volume
Kolkata_to_Indore,37,478.38594594594593,3.2972972972972974,0.4864864864864865,20355.489999999998,8.493783783783783,550.1483783783783,0.39473684210526305,Maintain current tariff
Kolkata_to_Jaipur,39,481.26846153846157,2.871794871794872,0.3076923076923077,21294.68,7.9394871794871795,546.0174358974359,0.4473684210526314,Maintain current tariff
Kolkata_to_Jamshedpur,43,417.22581395348834,3.0,0.4186046511627907,20467.5,7.504186046511628,475.98837209302326,0.5526315789473684,Maintain current tariff
Kolkata_to_Kochi,38,398.3668421052632,3.0789473684210527,0.4473684210526316,17427.3,7.017894736842106,458.61315789473684,0.42105263157894735,Maintain current tariff
Kolkata_to_Lucknow,35,421.5271428571429,3.4857142857142858,0.5142857142857142,16944.75,8.296285714285714,484.1357142857143,0.3421052631578947,Maintain current tariff
Kolkata_to_Ludhiana,38,478.7421052631579,3.210526315789474,0.42105263157894735,20829.79,7.612631578947368,548.1523684210526,0.42105263157894735,Maintain current tariff
Kolkata_to_Meerut,54,441.8862962962963,3.1481481481481484,0.46296296296296297,27525.4,7.469259259259259,509.72962962962964,0.8421052631578947,Reduce tariff by 5-10% to gain more volume
Kolkata_to_Mumbai,35,374.2062857142857,3.2,0.4857142857142857,15423.07,6.6894285714285715,440.65914285714285,0.3421052631578947,Maintain current tariff
Kolkata_to_Nagpur,46,393.83869565217395,2.652173913043478,0.32608695652173914,21441.67,7.102391304347826,466.1232608695652,0.631578947368421,Reduce tariff by 5-10% to gain more volume
Kolkata_to_Nashik,41,426.56512195121945,2.707317073170732,0.3170731707317073,20376.45,7.2507317073170725,496.98658536585367,0.5,Maintain current tariff
Kolkata_to_Patna,48,394.943125,2.7083333333333335,0.3541666666666667,22376.72,7.385000000000001,466.1816666666667,0.6842105263157894,Reduce tariff by 5-10% to gain more volume
Kolkata_to_Pune,38,383.51921052631576,2.8157894736842106,0.3157894736842105,17264.74,7.372894736842106,454.33526315789476,0.42105263157894735,Maintain current tariff
Kolkata_to_Raipur,41,414.6639024390244,2.8292682926829267,0.3170731707317073,19829.01,8.142682926829268,483.6343902439024,0.5,Maintain current tariff
Kolkata_to_Ranchi,26,453.6123076923077,2.6538461538461537,0.19230769230769232,13618.43,7.712307692307693,523.7857692307692,0.10526315789473673,Increase tariff by 10-15% to improve margin
Kolkata_to_Shimla,39,404.8582051282051,2.5641025641025643,0.23076923076923078,18338.4,7.6235897435897435,470.21538461538466,0.4473684210526314,Maintain current tariff
Kolkata_to_Srinagar,34,368.46529411764703,3.176470588235294,0.47058823529411764,14550.73,7.379117647058823,427.9626470588235,0.3157894736842104,Maintain current tariff
Kolkata_to_Surat,38,423.38894736842104,2.8684210526315788,0.2894736842105263,18962.2,7.560789473684211,499.0052631578948,0.42105263157894735,Maintain current tariff
Kolkata_to_Thiruvananthapuram,30,389.77333333333337,3.066666666666667,0.43333333333333335,13740.32,7.762333333333333,458.0106666666667,0.21052631578947367,Increase tariff by 10-15% to improve margin
Kolkata_to_Varanasi,41,507.13853658536584,3.1951219512195124,0.4146341463414634,23426.14,8.225365853658538,571.3692682926829,0.5,Maintain current tariff
Kolkata_to_Vijayawada,45,399.70133333333337,2.6,0.35555555555555557,20920.9,7.764666666666667,464.9088888888889,0.6052631578947367,Reduce tariff by 5-10% to gain more volume
Kolkata_to_Vizag,40,391.3065,2.55,0.225,18154.11,7.08475,453.85275,0.4736842105263157,Maintain current tariff
Lucknow_to_Agra,31,409.6896774193549,2.806451612903226,0.3225806451612903,15108.73,7.314193548387097,487.3783870967742,0.23684210526315785,Increase tariff by 10-15% to improve margin
Lucknow_to_Ahmedabad,36,419.0186111111111,3.361111111111111,0.5277777777777778,17529.12,7.382777777777779,486.91999999999996,0.36842105263157887,Maintain current tariff
Lucknow_to_Amritsar,47,410.2678723404255,3.5531914893617023,0.5319148936170213,21942.54,7.055744680851064,466.8625531914894,0.6578947368421051,Reduce tariff by 5-10% to gain more volume
Lucknow_to_Aurangabad,29,496.6437931034483,3.0689655172413794,0.41379310344827586,16634.56,7.981379310344828,573.6055172413794,0.18421052631578938,Increase tariff by 10-15% to improve margin
Lucknow_to_Bangalore,43,399.4651162790698,3.0930232558139537,0.4186046511627907,19962.36,7.667441860465116,464.2409302325581,0.5526315789473684,Maintain current tariff
Lucknow_to_Bhopal,35,393.7942857142857,3.2,0.45714285714285713,16610.28,7.023428571428571,474.57942857142854,0.3421052631578947,Maintain current tariff
Lucknow_to_Bhubaneswar,33,391.0375757575757,3.0606060606060606,0.3939393939393939,14855.9,7.405757575757576,450.1787878787879,0.2894736842105262,Increase tariff by 10-15% to improve margin
Lucknow_to_Chandigarh,33,493.2724242424242,2.9393939393939394,0.42424242424242425,18730.53,8.383636363636365,567.5918181818181,0.2894736842105262,Increase tariff by 10-15% to improve margin
Lucknow_to_Chennai,40,451.44350000000003,2.825,0.325,20909.71,7.625749999999999,522.74275,0.4736842105263157,Maintain current tariff
Lucknow_to_Coimbatore,32,400.9865625,2.53125,0.28125,15525.380000000001,7.4325,485.16812500000003,0.26315789473684204,Increase tariff by 10-15% to improve margin
Lucknow_to_Dehradun,45,383.5302222222222,2.8444444444444446,0.3333333333333333,19988.670000000002,6.921111111111111,444.1926666666667,0.6052631578947367,Reduce tariff by 5-10% to gain more volume
Lucknow_to_Delhi,41,407.9217073170732,2.951219512195122,0.43902439024390244,18999.57,6.676829268292683,463.4041463414634,0.5,Maintain current tariff
Lucknow_to_Guwahati,39,444.52794871794873,2.5384615384615383,0.3333333333333333,19563.1,7.903846153846154,501.6179487179487,0.4473684210526314,Maintain current tariff
Lucknow_to_Hyderabad,40,408.1755,2.75,0.225,19064.69,7.258750000000001,476.61724999999996,0.4736842105263157,Maintain current tariff
Lucknow_to_Indore,31,493.13612903225805,3.4516129032258065,0.4838709677419355,17308.29,8.261935483870968,558.331935483871,0.23684210526315785,Increase tariff by 10-15% to improve margin
Lucknow_to_Jaipur,52,424.7309615384615,2.576923076923077,0.2692307692307692,25931.04,7.3319230769230765,498.67384615384617,0.7894736842105261,Reduce tariff by 5-10% to gain more volume
Lucknow_to_Jamshedpur,29,350.5203448275862,3.2758620689655173,0.41379310344827586,11934.62,7.011379310344828,411.5386206896552,0.18421052631578938,Increase tariff by 10-15% to improve margin
Lucknow_to_Kochi,42,483.2264285714285,2.6904761904761907,0.3333333333333333,22831.75,8.866190476190477,543.6130952380952,0.5263157894736841,Maintain current tariff
Lucknow_to_Kolkata,31,552.9374193548388,3.129032258064516,0.3870967741935484,19200.32,9.208387096774192,619.3651612903226,0.23684210526315785,Increase tariff by 10-15% to improve margin
Lucknow_to_Ludhiana,38,411.08473684210526,3.1315789473684212,0.3684210526315789,18015.43,7.369736842105263,474.09026315789475,0.42105263157894735,Maintain current tariff
Lucknow_to_Meerut,35,403.23199999999997,2.942857142857143,0.3142857142857143,16357.09,7.72,467.34542857142856,0.3421052631578947,Maintain current tariff
Lucknow_to_Mumbai,26,410.2584615384615,3.076923076923077,0.5,12097.59,7.557307692307693,465.29192307692307,0.10526315789473673,Increase tariff by 10-15% to improve margin
Lucknow_to_Nagpur,38,445.5213157894737,3.1315789473684212,0.47368421052631576,19106.76,7.58078947368421,502.8094736842105,0.42105263157894735,Maintain current tariff
Lucknow_to_Nashik,28,400.41107142857146,3.0714285714285716,0.4642857142857143,13224.23,7.250357142857142,472.2939285714286,0.1578947368421052,Increase tariff by 10-15% to improve margin
Lucknow_to_Patna,39,429.80564102564097,3.0,0.38461538461538464,19702.41,7.75076923076923,505.19,0.4473684210526314,Maintain current tariff
Lucknow_to_Pune,46,388.4706521739131,3.260869565217391,0.4782608695652174,20505.79,6.6254347826086954,445.7780434782609,0.631578947368421,Reduce tariff by 5-10% to gain more volume
Lucknow_to_Raipur,30,418.6503333333333,2.933333333333333,0.4,14906.32,6.805666666666667,496.8773333333333,0.21052631578947367,Increase tariff by 10-15% to improve margin
Lucknow_to_Ranchi,41,431.0121951219512,3.1951219512195124,0.4634146341463415,19800.64,7.357073170731707,482.94243902439024,0.5,Maintain current tariff
Lucknow_to_Shimla,42,461.03738095238094,2.9285714285714284,0.35714285714285715,22311.36,7.8409523809523805,531.2228571428572,0.5263157894736841,Maintain current tariff
Lucknow_to_Srinagar,53,390.2866037735849,2.811320754716981,0.3584905660377358,24549.16,6.95245283018868,463.19169811320756,0.8157894736842104,Reduce tariff by 5-10% to gain more volume
Lucknow_to_Surat,46,483.2882608695652,3.0434782608695654,0.34782608695652173,25152.97,8.164130434782608,546.8036956521739,0.631578947368421,Reduce tariff by 5-10% to gain more volume
Lucknow_to_Thiruvananthapuram,36,470.3755555555556,2.8333333333333335,0.3611111111111111,19520.79,8.182222222222222,542.2441666666667,0.36842105263157887,Maintain current tariff
Lucknow_to_Varanasi,33,407.76242424242423,2.9393939393939394,0.3939393939393939,16079.699999999999,7.279393939393939,487.26363636363635,0.2894736842105262,Increase tariff by 10-15% to improve margin
Lucknow_to_Vijayawada,37,432.2464864864865,3.4594594594594597,0.4864864864864865,18058.92,7.27108108108108,488.0789189189189,0.39473684210526305,Maintain current tariff
Lucknow_to_Vizag,38,481.45026315789477,2.8157894736842106,0.34210526315789475,21136.91,7.543157894736842,556.2344736842106,0.42105263157894735,Maintain current tariff
Ludhiana_to_Agra,40,404.9755,2.85,0.35,18642.8,7.0205,466.07,0.4736842105263157,Maintain current tariff
Ludhiana_to_Ahmedabad,37,423.8216216216216,3.4594594594594597,0.5405405405405406,18536.2,8.095945945945946,500.9783783783784,0.39473684210526305,Maintain current tariff
Ludhiana_to_Amritsar,38,461.331052631579,2.9210526315789473,0.42105263157894735,19886.45,8.58,523.3276315789474,0.42105263157894735,Maintain current tariff
Ludhiana_to_Aurangabad,37,454.13513513513516,2.891891891891892,0.3783783783783784,19274.18,8.00891891891892,520.9237837837838,0.39473684210526305,Maintain current tariff
Ludhiana_to_Bangalore,35,475.2097142857143,2.914285714285714,0.37142857142857144,19218.8,8.300857142857144,549.1085714285714,0.3421052631578947,Maintain current tariff
Ludhiana_to_Bhopal,39,490.50205128205124,3.128205128205128,0.4358974358974359,22008.6,7.825897435897436,564.3230769230769,0.4473684210526314,Maintain current tariff
Ludhiana_to_Bhubaneswar,37,448.51162162162166,3.081081081081081,0.43243243243243246,18973.54,8.246216216216217,512.7983783783784,0.39473684210526305,Maintain current tariff
Ludhiana_to_Chandigarh,50,413.7608,3.08,0.42,24568.15,7.938400000000001,491.36300000000006,0.7368421052631577,Reduce tariff by 5-10% to gain more volume
Ludhiana_to_Chennai,27,454.65185185185186,2.888888888888889,0.3333333333333333,14084.05,7.7625925925925925,521.6314814814815,0.13157894736842102,Increase tariff by 10-15% to improve margin
Ludhiana_to_Coimbatore,42,423.73309523809525,3.4523809523809526,0.5714285714285714,20600.38,7.541428571428572,490.4852380952381,0.5263157894736841,Maintain current tariff
Ludhiana_to_Dehradun,43,422.23883720930235,3.302325581395349,0.5348837209302325,20651.24,7.373255813953489,480.26139534883725,0.5526315789473684,Maintain current tariff
Ludhiana_to_Delhi,36,366.44444444444446,2.75,0.3611111111111111,15855.76,7.135555555555555,440.4377777777778,0.36842105263157887,Maintain current tariff
Ludhiana_to_Guwahati,52,423.8294230769231,2.6346153846153846,0.23076923076923078,25431.989999999998,7.510769230769231,489.0767307692307,0.7894736842105261,Reduce tariff by 5-10% to gain more volume
Ludhiana_to_Hyderabad,39,552.9107692307692,2.8974358974358974,0.41025641025641024,24099.51,8.345641025641026,617.9361538461538,0.4473684210526314,Maintain current tariff
Ludhiana_to_Indore,34,472.68470588235294,2.8823529411764706,0.38235294117647056,17671.21,7.1905882352941175,519.7414705882353,0.3157894736842104,Maintain current tariff
Ludhiana_to_Jaipur,37,390.3062162162162,3.027027027027027,0.40540540540540543,16694.89,6.866486486486487,451.21324324324326,0.39473684210526305,Maintain current tariff
Ludhiana_to_Jamshedpur,35,412.5702857142857,2.742857142857143,0.34285714285714286,16676.44,7.118571428571428,476.46971428571425,0.3421052631578947,Maintain current tariff
Ludhiana_to_Kochi,47,422.1508510638298,2.851063829787234,0.3829787234042553,23317.31,7.259787234042553,496.1129787234043,0.6578947368421051,Reduce tariff by 5-10% to gain more volume
Ludhiana_to_Kolkata,35,376.51114285714283,3.085714285714286,0.4,15619.14,6.703428571428572,446.26114285714283,0.3421052631578947,Maintain current tariff
Ludhiana_to_Lucknow,36,499.84583333333336,2.9444444444444446,0.3888888888888889,20516.79,8.205,569.9108333333334,0.36842105263157887,Maintain current tariff
Ludhiana_to_Meerut,48,464.5725,3.125,0.4583333333333333,25582.49,8.145416666666668,532.9685416666667,0.6842105263157894,Reduce tariff by 5-10% to gain more volume
Ludhiana_to_Mumbai,42,395.59261904761905,3.0,0.40476190476190477,19769.67,7.565476190476191,470.70642857142855,0.5263157894736841,Maintain current tariff
Ludhiana_to_Nagpur,48,464.22937499999995,2.75,0.2916666666666667,25231.5,7.9472916666666675,525.65625,0.6842105263157894,Reduce tariff by 5-10% to gain more volume
Ludhiana_to_Nashik,36,423.7294444444444,2.9722222222222223,0.4166666666666667,18089.7,7.802222222222222,502.4916666666667,0.36842105263157887,Maintain current tariff
Ludhiana_to_Patna,36,455.31777777777774,3.0555555555555554,0.4722222222222222,18557.77,7.5575,515.4936111111111,0.36842105263157887,Maintain current tariff
Ludhiana_to_Pune,40,442.13475,2.575,0.325,20441.46,7.721000000000001,511.0365,0.4736842105263157,Maintain current tariff
Ludhiana_to_Raipur,36,463.5752777777777,2.9166666666666665,0.3888888888888889,19354.97,7.686666666666666,537.6380555555556,0.36842105263157887,Maintain current tariff
Ludhiana_to_Ranchi,24,341.13666666666666,2.9583333333333335,0.375,9902.35,6.45625,412.59791666666666,0.05263157894736836,Increase tariff by 10-15% to improve margin
Ludhiana_to_Shimla,34,472.8855882352941,2.7941176470588234,0.3235294117647059,18667.83,8.77764705882353,549.0538235294118,0.3157894736842104,Maintain current tariff
Ludhiana_to_Srinagar,37,382.02,3.081081081081081,0.4864864864864865,16851.58,6.6891891891891895,455.44810810810816,0.39473684210526305,Maintain current tariff
Ludhiana_to_Surat,28,481.935,2.9285714285714284,0.42857142857142855,15781.05,7.853571428571429,563.6089285714286,0.1578947368421052,Increase tariff by 10-15% to improve margin
Ludhiana_to_Thiruvananthapuram,40,415.11724999999996,3.4,0.625,19268.03,7.20825,481.70074999999997,0.4736842105263157,Maintain current tariff
Ludhiana_to_Varanasi,27,407.3403703703704,2.8518518518518516,0.4074074074074074,12811.63,6.808518518518519,474.5048148148148,0.13157894736842102,Increase tariff by 10-15% to improve margin
Ludhiana_to_Vijayawada,32,421.281875,2.6875,0.3125,15267.61,7.5865625,477.1128125,0.26315789473684204,Increase tariff by 10-15% to improve margin
Ludhiana_to_Vizag,42,479.8916666666667,2.857142857142857,0.35714285714285715,22608.88,7.798333333333333,538.3066666666667,0.5263157894736841,Maintain current tariff
Meerut_to_Agra,42,420.57547619047625,2.880952380952381,0.3333333333333333,20544.58,7.071666666666666,489.1566666666667,0.5263157894736841,Maintain current tariff
Meerut_to_Ahmedabad,43,410.3488372093023,2.9302325581395348,0.4186046511627907,21045.68,7.246046511627907,489.43441860465117,0.5526315789473684,Maintain current tariff
Meerut_to_Amritsar,36,449.9002777777778,3.3333333333333335,0.5555555555555556,18660.5,7.694722222222222,518.3472222222222,0.36842105263157887,Maintain current tariff
Meerut_to_Aurangabad,39,475.1815384615384,2.948717948717949,0.28205128205128205,21021.04,8.484358974358974,539.0010256410256,0.4473684210526314,Maintain current tariff
Meerut_to_Bangalore,48,470.5729166666667,2.75,0.3125,25482.98,8.278125000000001,530.8954166666666,0.6842105263157894,Reduce tariff by 5-10% to gain more volume
Meerut_to_Bhopal,30,461.789,3.2333333333333334,0.4666666666666667,15934.82,7.726333333333333,531.1606666666667,0.21052631578947367,Increase tariff by 10-15% to improve margin
Meerut_to_Bhubaneswar,34,447.99470588235295,2.911764705882353,0.3235294117647059,17123.98,7.901470588235293,503.6464705882353,0.3157894736842104,Maintain current tariff
Meerut_to_Chandigarh,39,436.16153846153844,3.282051282051282,0.5384615384615384,19532.51,7.891794871794873,500.8335897435897,0.4473684210526314,Maintain current tariff
Meerut_to_Chennai,32,501.4359375,3.125,0.34375,18084.0,8.3040625,565.125,0.26315789473684204,Increase tariff by 10-15% to improve margin
Meerut_to_Coimbatore,34,479.90529411764703,3.235294117647059,0.47058823529411764,18920.27,8.013823529411766,556.4785294117647,0.3157894736842104,Maintain current tariff
Meerut_to_Dehradun,40,441.7665,3.025,0.4,20360.56,7.647,509.014,0.4736842105263157,Maintain current tariff
Meerut_to_Delhi,36,451.225,3.0277777777777777,0.4166666666666667,19132.47,7.566944444444443,531.4575,0.36842105263157887,Maintain current tariff
Meerut_to_Guwahati,39,414.0266666666667,3.1794871794871793,0.41025641025641024,18817.45,7.189230769230769,482.49871794871797,0.4473684210526314,Maintain current tariff
Meerut_to_Hyderabad,47,442.7721276595745,3.3191489361702127,0.5106382978723404,24330.65,7.68808510638298,517.6734042553192,0.6578947368421051,Reduce tariff by 5-10% to gain more volume
Meerut_to_Indore,43,428.4767441860465,2.9302325581395348,0.37209302325581395,21100.16,7.445348837209302,490.7013953488372,0.5526315789473684,Maintain current tariff
Meerut_to_Jaipur,27,431.99666666666667,2.4074074074074074,0.3333333333333333,13281.91,7.808148148148148,491.9225925925926,0.13157894736842102,Increase tariff by 10-15% to improve margin
Meerut_to_Jamshedpur,45,514.8544444444444,2.688888888888889,0.28888888888888886,26408.41,8.821111111111112,586.8535555555555,0.6052631578947367,Reduce tariff by 5-10% to gain more volume
Meerut_to_Kochi,42,457.4838095238095,3.2857142857142856,0.5,22208.3,7.685238095238095,528.7690476190476,0.5263157894736841,Maintain current tariff
Meerut_to_Kolkata,34,473.78705882352943,2.9411764705882355,0.4117647058823529,18997.98,8.03264705882353,558.7641176470588,0.3157894736842104,Maintain current tariff
Meerut_to_Lucknow,34,450.0970588235294,3.411764705882353,0.6176470588235294,18146.11,7.992647058823529,533.7091176470589,0.3157894736842104,Maintain current tariff
Meerut_to_Ludhiana,39,436.71564102564105,3.358974358974359,0.5384615384615384,19908.13,7.2379487179487185,510.46487179487184,0.4473684210526314,Maintain current tariff
Meerut_to_Mumbai,48,391.610625,3.0416666666666665,0.4583333333333333,21929.56,7.120625,456.86583333333334,0.6842105263157894,Reduce tariff by 5-10% to gain more volume
Meerut_to_Nagpur,40,496.843,3.225,0.475,23100.6,8.5985,577.515,0.4736842105263157,Maintain current tariff
Meerut_to_Nashik,37,453.5454054054054,2.6216216216216215,0.32432432432432434,19224.02,7.665405405405406,519.5681081081082,0.39473684210526305,Maintain current tariff
Meerut_to_Patna,36,375.43305555555554,3.1666666666666665,0.4722222222222222,16040.33,7.327500000000001,445.5647222222222,0.36842105263157887,Maintain current tariff
Meerut_to_Pune,44,377.86749999999995,2.9318181818181817,0.38636363636363635,18897.94,7.252272727272728,429.4986363636363,0.5789473684210527,Maintain current tariff
Meerut_to_Raipur,39,501.73897435897436,2.8461538461538463,0.358974358974359,21832.37,8.121794871794872,559.8043589743589,0.4473684210526314,Maintain current tariff
Meerut_to_Ranchi,45,444.55777777777774,3.311111111111111,0.5333333333333333,22679.0,7.753555555555556,503.97777777777776,0.6052631578947367,Reduce tariff by 5-10% to gain more volume
Meerut_to_Shimla,37,362.7897297297297,3.27027027027027,0.4594594594594595,16098.0,7.201081081081081,435.0810810810811,0.39473684210526305,Maintain current tariff
Meerut_to_Srinagar,37,412.7532432432433,3.189189189189189,0.43243243243243246,18066.41,7.712972972972973,488.28135135135136,0.39473684210526305,Maintain current tariff
Meerut_to_Surat,40,454.5155,3.075,0.45,20865.55,8.255500000000001,521.63875,0.4736842105263157,Maintain current tariff
Meerut_to_Thiruvananthapuram,55,430.5585454545455,3.018181818181818,0.36363636363636365,27327.56,7.562545454545455,496.8647272727273,0.8684210526315788,Reduce tariff by 5-10% to gain more volume
Meerut_to_Varanasi,46,384.3739130434783,3.239130434782609,0.4782608695652174,21669.34,6.9841304347826085,471.07260869565215,0.631578947368421,Reduce tariff by 5-10% to gain more volume
Meerut_to_Vijayawada,37,471.2362162162162,3.054054054054054,0.40540540540540543,19920.58,7.101081081081081,538.3940540540541,0.39473684210526305,Maintain current tariff
Meerut_to_Vizag,50,433.3804,3.2,0.48,25358.06,7.6108,507.1612,0.7368421052631577,Reduce tariff by 5-10% to gain more volume
Mumbai_to_Agra,37,442.7910810810811,3.2432432432432434,0.4594594594594595,18675.05,7.831891891891891,504.7310810810811,0.39473684210526305,Maintain current tariff
Mumbai_to_Ahmedabad,43,404.48046511627905,2.604651162790698,0.2558139534883721,20266.2,7.415813953488372,471.30697674418604,0.5526315789473684,Maintain current tariff
Mumbai_to_Amritsar,41,395.83000000000004,3.073170731707317,0.3902439024390244,19132.07,6.897073170731707,466.6358536585366,0.5,Maintain current tariff
Mumbai_to_Aurangabad,36,478.1819444444444,2.75,0.3611111111111111,19427.19,7.958333333333333,539.6441666666666,0.36842105263157887,Maintain current tariff
Mumbai_to_Bangalore,46,407.2210869565217,3.239130434782609,0.5,21762.45,7.409130434782608,473.0967391304348,0.631578947368421,Reduce tariff by 5-10% to gain more volume
Mumbai_to_Bhopal,33,361.9609090909091,3.1818181818181817,0.42424242424242425,14374.49,6.708181818181818,435.59060606060604,0.2894736842105262,Increase tariff by 10-15% to improve margin
Mumbai_to_Bhubaneswar,39,439.71461538461534,2.948717948717949,0.358974358974359,19610.63,7.8392307692307694,502.8366666666667,0.4473684210526314,Maintain current tariff
Mumbai_to_Chandigarh,36,494.12694444444446,3.25,0.5,20423.02,8.715555555555556,567.3061111111111,0.36842105263157887,Maintain current tariff
Mumbai_to_Chennai,36,440.3075,2.8055555555555554,0.3333333333333333,17656.62,7.726388888888888,490.46166666666664,0.36842105263157887,Maintain current tariff
Mumbai_to_Coimbatore,39,440.1579487179487,3.076923076923077,0.358974358974359,19747.37,8.783076923076923,506.3428205128205,0.4473684210526314,Maintain current tariff
Mumbai_to_Dehradun,45,405.5204444444445,2.8444444444444446,0.4222222222222222,21996.82,7.415777777777778,488.81822222222223,0.6052631578947367,Reduce tariff by 5-10% to gain more volume
Mumbai_to_Delhi,42,431.44357142857143,3.3333333333333335,0.5,20798.41,7.732857142857142,495.2002380952381,0.5263157894736841,Maintain current tariff
Mumbai_to_Guwahati,45,455.832,3.0444444444444443,0.4222222222222222,23269.34,7.764222222222222,517.0964444444445,0.6052631578947367,Reduce tariff by 5-10% to gain more volume
Mumbai_to_Hyderabad,34,539.5879411764706,2.823529411764706,0.3235294117647059,20288.850000000002,8.807941176470589,596.7308823529412,0.3157894736842104,Maintain current tariff
Mumbai_to_Indore,46,435.8745652173913,2.9782608695652173,0.41304347826086957,22693.57,7.351304347826088,493.3384782608696,0.631578947368421,Reduce tariff by 5-10% to gain more volume
Mumbai_to_Jaipur,41,389.35682926829264,3.1707317073170733,0.43902439024390244,18673.63,6.674146341463414,455.4543902439025,0.5,Maintain current tariff
Mumbai_to_Jamshedpur,42,466.5483333333333,2.9285714285714284,0.3333333333333333,22141.170000000002,7.885714285714285,527.1707142857143,0.5263157894736841,Maintain current tariff
Mumbai_to_Kochi,36,483.0452777777778,3.0277777777777777,0.4166666666666667,20141.21,8.40611111111111,559.4780555555556,0.36842105263157887,Maintain current tariff
Mumbai_to_Kolkata,39,497.84538461538466,3.2051282051282053,0.46153846153846156,21850.03,8.342307692307694,560.2571794871794,0.4473684210526314,Maintain current tariff
Mumbai_to_Lucknow,49,418.17224489795916,2.938775510204082,0.3469387755102041,23491.36,7.306326530612245,479.41551020408167,0.7105263157894737,Reduce tariff by 5-10% to gain more volume
Mumbai_to_Ludhiana,33,488.13545454545454,3.0606060606060606,0.42424242424242425,18388.54,8.172727272727272,557.2284848484849,0.2894736842105262,Increase tariff by 10-15% to improve margin
Mumbai_to_Meerut,54,450.35055555555556,3.259259259259259,0.5185185185185185,27950.57,7.592777777777777,517.6031481481482,0.8421052631578947,Reduce tariff by 5-10% to gain more volume
Mumbai_to_Nagpur,36,457.09916666666663,2.888888888888889,0.4166666666666667,19154.58,8.3825,532.0716666666667,0.36842105263157887,Maintain current tariff
Mumbai_to_Nashik,40,392.95375,2.9,0.35,18504.22,7.48775,462.6055,0.4736842105263157,Maintain current tariff
Mumbai_to_Patna,45,452.0777777777778,3.1333333333333333,0.4444444444444444,23032.81,7.9768888888888885,511.8402222222222,0.6052631578947367,Reduce tariff by 5-10% to gain more volume
Mumbai_to_Pune,35,430.40828571428574,2.942857142857143,0.4,17404.87,7.617999999999999,497.282,0.3421052631578947,Maintain current tariff
Mumbai_to_Raipur,46,500.25130434782614,2.608695652173913,0.30434782608695654,26002.07,8.678260869565218,565.2623913043478,0.631578947368421,Reduce tariff by 5-10% to gain more volume
Mumbai_to_Ranchi,43,379.6348837209302,3.0232558139534884,0.37209302325581395,19418.62,7.493255813953488,451.59581395348835,0.5526315789473684,Maintain current tariff
Mumbai_to_Shimla,35,477.4134285714286,2.942857142857143,0.34285714285714286,19114.3,7.765428571428572,546.1228571428571,0.3421052631578947,Maintain current tariff
Mumbai_to_Srinagar,39,470.38564102564106,2.769230769230769,0.358974358974359,20877.36,7.8335897435897435,535.3169230769231,0.4473684210526314,Maintain current tariff
Mumbai_to_Surat,36,418.8230555555555,2.888888888888889,0.3611111111111111,17660.51,7.546111111111112,490.5697222222222,0.36842105263157887,Maintain current tariff
Mumbai_to_Thiruvananthapuram,43,376.5472093023256,3.0,0.37209302325581395,18567.97,6.397209302325581,431.8132558139535,0.5526315789473684,Maintain current tariff
Mumbai_to_Varanasi,45,439.60977777777777,2.8,0.28888888888888886,23173.15,7.391555555555556,514.958888888889,0.6052631578947367,Reduce tariff by 5-10% to gain more volume
Mumbai_to_Vijayawada,31,460.143870967742,2.935483870967742,0.3225806451612903,16356.21,7.517096774193549,527.6196774193548,0.23684210526315785,Increase tariff by 10-15% to improve margin
Mumbai_to_Vizag,41,493.52024390243906,3.073170731707317,0.4146341463414634,22692.16,8.652926829268292,553.4673170731708,0.5,Maintain current tariff
Nagpur_to_Agra,39,521.3264102564102,2.769230769230769,0.358974358974359,23426.59,8.205897435897437,600.6817948717949,0.4473684210526314,Maintain current tariff
Nagpur_to_Ahmedabad,42,449.4059523809524,3.380952380952381,0.4523809523809524,20955.49,7.876190476190477,498.94023809523816,0.5263157894736841,Maintain current tariff
Nagpur_to_Amritsar,29,442.24724137931037,2.9310344827586206,0.3103448275862069,14621.63,7.7268965517241375,504.19413793103445,0.18421052631578938,Increase tariff by 10-15% to improve margin
Nagpur_to_Aurangabad,44,513.6227272727273,3.159090909090909,0.4090909090909091,25397.89,8.916363636363636,577.2247727272727,0.5789473684210527,Maintain current tariff
Nagpur_to_Bangalore,41,370.7929268292683,2.731707317073171,0.3170731707317073,18231.71,6.819756097560976,444.67585365853654,0.5,Maintain current tariff
Nagpur_to_Bhopal,25,453.64160000000004,2.84,0.32,12573.99,8.1852,502.95959999999997,0.07894736842105254,Increase tariff by 10-15% to improve margin
Nagpur_to_Bhubaneswar,49,447.7316326530612,3.1020408163265305,0.46938775510204084,25418.9,8.010816326530612,518.7530612244898,0.7105263157894737,Reduce tariff by 5-10% to gain more volume
Nagpur_to_Chandigarh,48,406.400625,2.9375,0.3958333333333333,22741.89,6.986458333333334,473.789375,0.6842105263157894,Reduce tariff by 5-10% to gain more volume
Nagpur_to_Chennai,28,368.7057142857143,3.142857142857143,0.39285714285714285,12173.23,7.175357142857143,434.75821428571425,0.1578947368421052,Increase tariff by 10-15% to improve margin
Nagpur_to_Coimbatore,42,405.1169047619048,2.880952380952381,0.40476190476190477,19962.27,7.723809523809523,475.2921428571429,0.5263157894736841,Maintain current tariff
Nagpur_to_Dehradun,33,402.5039393939394,3.3636363636363638,0.5151515151515151,15293.14,7.384545454545455,463.42848484848486,0.2894736842105262,Increase tariff by 10-15% to improve margin
Nagpur_to_Delhi,47,421.81191489361703,2.978723404255319,0.3829787234042553,22822.61,7.562340425531915,485.58744680851066,0.6578947368421051,Reduce tariff by 5-10% to gain more volume
Nagpur_to_Guwahati,54,463.8416666666667,3.2777777777777777,0.48148148148148145,28815.59,7.207777777777778,533.622037037037,0.8421052631578947,Reduce tariff by 5-10% to gain more volume
Nagpur_to_Hyderabad,46,457.87913043478255,3.4782608695652173,0.5869565217391305,23944.3,7.885,520.5282608695652,0.631578947368421,Reduce tariff by 5-10% to gain more volume
Nagpur_to_Indore,34,406.98058823529414,2.8529411764705883,0.38235294117647056,16268.85,8.05205882352941,478.4955882352941,0.3157894736842104,Maintain current tariff
Nagpur_to_Jaipur,45,425.05555555555554,2.6,0.3111111111111111,21951.26,7.545555555555556,487.80577777777773,0.6052631578947367,Reduce tariff by 5-10% to gain more volume
Nagpur_to_Jamshedpur,44,436.71454545454543,2.7954545454545454,0.36363636363636365,22080.43,7.316363636363636,501.82795454545453,0.5789473684210527,Maintain current tariff
Nagpur_to_Kochi,32,438.224375,3.875,0.625,16241.93,8.3421875,507.5603125,0.26315789473684204,Increase tariff by 10-15% to improve margin
Nagpur_to_Kolkata,33,461.87636363636364,2.6363636363636362,0.24242424242424243,17202.66,7.648484848484848,521.2927272727272,0.2894736842105262,Increase tariff by 10-15% to improve margin
Nagpur_to_Lucknow,51,412.09568627450983,2.784313725490196,0.3333333333333333,24551.66,7.435882352941177,481.40509803921566,0.763157894736842,Reduce tariff by 5-10% to gain more volume
Nagpur_to_Ludhiana,37,471.0648648648649,2.810810810810811,0.2702702702702703,19927.24,8.322972972972973,538.574054054054,0.39473684210526305,Maintain current tariff
Nagpur_to_Meerut,36,378.47055555555556,3.0833333333333335,0.3611111111111111,15765.65,7.399722222222222,437.9347222222222,0.36842105263157887,Maintain current tariff
Nagpur_to_Mumbai,38,505.0663157894737,2.6578947368421053,0.3157894736842105,22170.33,8.613947368421051,583.4297368421053,0.42105263157894735,Maintain current tariff
Nagpur_to_Nashik,46,456.39434782608697,2.9782608695652173,0.41304347826086957,24280.68,7.308695652173912,527.8408695652174,0.631578947368421,Reduce tariff by 5-10% to gain more volume
Nagpur_to_Patna,47,382.3863829787234,2.978723404255319,0.40425531914893614,21485.8,7.2029787234042555,457.1446808510638,0.6578947368421051,Reduce tariff by 5-10% to gain more volume
Nagpur_to_Pune,47,482.57787234042553,3.4893617021276597,0.574468085106383,26048.62,8.347872340425532,554.2259574468085,0.6578947368421051,Reduce tariff by 5-10% to gain more volume
Nagpur_to_Raipur,40,403.46425,2.875,0.375,18949.48,6.89525,473.73699999999997,0.4736842105263157,Maintain current tariff
Nagpur_to_Ranchi,34,416.5870588235294,2.911764705882353,0.35294117647058826,16360.27,7.831470588235294,481.1844117647059,0.3157894736842104,Maintain current tariff
Nagpur_to_Shimla,41,438.8856097560976,2.682926829268293,0.21951219512195122,20820.06,7.699268292682927,507.80634146341464,0.5,Maintain current tariff
Nagpur_to_Srinagar,37,475.78432432432436,2.7027027027027026,0.32432432432432434,20359.4,8.087027027027027,550.2540540540541,0.39473684210526305,Maintain current tariff
Nagpur_to_Surat,44,498.4445454545455,2.727272727272727,0.3181818181818182,24391.09,8.309545454545455,554.3429545454545,0.5789473684210527,Maintain current tariff
Nagpur_to_Thiruvananthapuram,39,435.8474358974359,2.948717948717949,0.3333333333333333,19766.32,7.199487179487178,506.82871794871795,0.4473684210526314,Maintain current tariff
Nagpur_to_Varanasi,32,438.4390625,3.5,0.5625,16142.07,8.1146875,504.4396875,0.26315789473684204,Increase tariff by 10-15% to improve margin
Nagpur_to_Vijayawada,35,521.0097142857143,2.9714285714285715,0.4,20326.24,7.936285714285714,580.7497142857143,0.3421052631578947,Maintain current tariff
Nagpur_to_Vizag,50,434.4792,3.14,0.38,25288.13,7.715199999999999,505.7626,0.7368421052631577,Reduce tariff by 5-10% to gain more volume
Nashik_to_Agra,32,461.200625,2.875,0.3125,17102.3,8.203125,534.446875,0.26315789473684204,Increase tariff by 10-15% to improve margin
Nashik_to_Ahmedabad,28,501.37607142857144,3.0,0.39285714285714285,16030.51,8.609642857142857,572.5182142857143,0.1578947368421052,Increase tariff by 10-15% to improve margin
Nashik_to_Amritsar,39,362.23358974358973,3.0,0.41025641025641024,16373.07,6.550512820512821,419.8223076923077,0.4473684210526314,Maintain current tariff
Nashik_to_Aurangabad,52,427.10846153846154,2.980769230769231,0.4423076923076923,25588.14,7.735576923076923,492.07961538461535,0.7894736842105261,Reduce tariff by 5-10% to gain more volume
Nashik_to_Bangalore,37,435.9205405405405,3.0,0.43243243243243246,18293.79,7.552972972972972,494.4267567567568,0.39473684210526305,Maintain current tariff
Nashik_to_Bhopal,35,502.22857142857146,2.657142857142857,0.2571428571428571,19819.73,7.972571428571429,566.278,0.3421052631578947,Maintain current tariff
Nashik_to_Bhubaneswar,27,412.8066666666667,3.037037037037037,0.4074074074074074,12991.8,7.407407407407407,481.17777777777775,0.13157894736842102,Increase tariff by 10-15% to improve margin
Nashik_to_Chandigarh,33,410.4266666666667,2.5757575757575757,0.24242424242424243,15586.2,7.067272727272727,472.3090909090909,0.2894736842105262,Increase tariff by 10-15% to improve margin
Nashik_to_Chennai,42,425.9695238095238,2.5714285714285716,0.23809523809523808,20489.44,7.551428571428572,487.8438095238095,0.5263157894736841,Maintain current tariff
Nashik_to_Coimbatore,32,456.6253125,3.0625,0.375,16913.170000000002,8.016875,528.5365625000001,0.26315789473684204,Increase tariff by 10-15% to improve margin
Nashik_to_Dehradun,48,410.90708333333333,2.875,0.3541666666666667,23680.71,7.3914583333333335,493.348125,0.6842105263157894,Reduce tariff by 5-10% to gain more volume
Nashik_to_Delhi,41,390.44536585365853,2.707317073170732,0.36585365853658536,19412.14,7.308292682926829,473.46682926829266,0.5,Maintain current tariff
Nashik_to_Guwahati,42,442.86595238095236,2.9761904761904763,0.38095238095238093,22210.61,8.41047619047619,528.8240476190476,0.5263157894736841,Maintain current tariff
Nashik_to_Hyderabad,34,457.5020588235294,3.2058823529411766,0.4117647058823529,18313.23,7.564705882352941,538.6244117647059,0.3157894736842104,Maintain current tariff
Nashik_to_Indore,37,462.7491891891892,2.918918918918919,0.35135135135135137,19532.68,8.895945945945945,527.9102702702703,0.39473684210526305,Maintain current tariff
Nashik_to_Jaipur,44,395.9681818181818,3.2045454545454546,0.45454545454545453,20667.77,7.034772727272727,469.7220454545455,0.5789473684210527,Maintain current tariff
Nashik_to_Jamshedpur,43,539.9355813953488,2.9767441860465116,0.37209302325581395,25565.170000000002,8.389302325581395,594.5388372093024,0.5526315789473684,Maintain current tariff
Nashik_to_Kochi,39,429.44410256410254,3.128205128205128,0.41025641025641024,19018.44,7.856153846153846,487.65230769230766,0.4473684210526314,Maintain current tariff
Nashik_to_Kolkata,39,453.0366666666667,3.282051282051282,0.5897435897435898,19966.16,8.012820512820513,511.9528205128205,0.4473684210526314,Maintain current tariff
Nashik_to_Lucknow,40,402.3345,3.575,0.6,18917.33,7.16875,472.93325000000004,0.4736842105263157,Maintain current tariff
Nashik_to_Ludhiana,41,459.40219512195125,3.3902439024390243,0.5853658536585366,21519.52,7.459024390243902,524.8663414634146,0.5,Maintain current tariff
Nashik_to_Meerut,32,429.0715625,3.0625,0.40625,15534.36,7.2003125,485.44875,0.26315789473684204,Increase tariff by 10-15% to improve margin
Nashik_to_Mumbai,41,420.3012195121951,3.0,0.36585365853658536,19879.34,7.418536585365853,484.8619512195122,0.5,Maintain current tariff
Nashik_to_Nagpur,23,519.795652173913,3.217391304347826,0.4782608695652174,13431.38,8.40304347826087,583.9730434782608,0.02631578947368418,Increase tariff by 10-15% to improve margin
Nashik_to_Patna,41,388.1056097560976,2.926829268292683,0.34146341463414637,18498.260000000002,6.5,451.1770731707318,0.5,Maintain current tariff
Nashik_to_Pune,40,468.45349999999996,3.075,0.4,21398.46,7.659000000000001,534.9615,0.4736842105263157,Maintain current tariff
Nashik_to_Raipur,41,408.9217073170732,2.8048780487804876,0.3170731707317073,19834.77,7.018780487804878,483.7748780487805,0.5,Maintain current tariff
Nashik_to_Ranchi,39,447.46076923076924,3.076923076923077,0.41025641025641024,20236.69,7.752307692307691,518.8894871794871,0.4473684210526314,Maintain current tariff
Nashik_to_Shimla,34,456.285,2.9705882352941178,0.38235294117647056,17644.26,8.017352941176469,518.9488235294117,0.3157894736842104,Maintain current tariff
Nashik_to_Srinagar,47,478.1453191489362,3.0,0.44680851063829785,25622.81,8.213404255319148,545.166170212766,0.6578947368421051,Reduce tariff by 5-10% to gain more volume
Nashik_to_Surat,38,409.4865789473684,3.026315789473684,0.39473684210526316,17945.18,7.032368421052632,472.24157894736845,0.42105263157894735,Maintain current tariff
Nashik_to_Thiruvananthapuram,34,479.9788235294118,2.735294117647059,0.35294117647058826,18298.97,8.943529411764706,538.205,0.3157894736842104,Maintain current tariff
Nashik_to_Varanasi,35,366.4205714285714,3.0,0.45714285714285713,15501.25,6.222285714285714,442.89285714285717,0.3421052631578947,Maintain current tariff
Nashik_to_Vijayawada,39,412.2374358974359,3.3076923076923075,0.41025641025641024,18828.84,7.439230769230769,482.79076923076923,0.4473684210526314,Maintain current tariff
Nashik_to_Vizag,41,458.83195121951223,3.073170731707317,0.36585365853658536,21096.7,8.500243902439024,514.5536585365854,0.5,Maintain current tariff
Patna_to_Agra,35,483.83742857142863,3.1714285714285713,0.45714285714285713,19422.69,7.786571428571428,554.934,0.3421052631578947,Maintain current tariff
Patna_to_Ahmedabad,45,428.0253333333333,3.1333333333333333,0.4444444444444444,21985.84,7.562444444444444,488.5742222222222,0.6052631578947367,Reduce tariff by 5-10% to gain more volume
Patna_to_Amritsar,44,453.74886363636364,2.909090909090909,0.3409090909090909,23053.55,8.370681818181819,523.9443181818182,0.5789473684210527,Maintain current tariff
Patna_to_Aurangabad,43,509.5609302325581,3.2093023255813953,0.4883720930232558,24894.05,8.583720930232559,578.9313953488372,0.5526315789473684,Maintain current tariff
Patna_to_Bangalore,43,487.84627906976743,2.86046511627907,0.4186046511627907,24153.11,8.789767441860464,561.7002325581395,0.5526315789473684,Maintain current tariff
Patna_to_Bhopal,38,474.24105263157895,3.0526315789473686,0.42105263157894735,20713.22,8.213684210526315,545.0847368421053,0.42105263157894735,Maintain current tariff
Patna_to_Bhubaneswar,37,440.3054054054054,2.72972972972973,0.35135135135135137,18479.74,7.715675675675676,499.4524324324325,0.39473684210526305,Maintain current tariff
Patna_to_Chandigarh,45,404.5866666666667,2.8444444444444446,0.35555555555555557,21613.78,7.212666666666666,480.3062222222222,0.6052631578947367,Reduce tariff by 5-10% to gain more volume
Patna_to_Chennai,47,459.75063829787234,3.0851063829787235,0.48936170212765956,25090.98,7.182127659574468,533.8506382978724,0.6578947368421051,Reduce tariff by 5-10% to gain more volume
Patna_to_Coimbatore,41,444.9685365853658,3.268292682926829,0.43902439024390244,20342.97,7.937317073170732,496.17,0.5,Maintain current tariff
Patna_to_Dehradun,32,420.4434375,2.5625,0.25,15120.94,7.7515625,472.529375,0.26315789473684204,Increase tariff by 10-15% to improve margin
Patna_to_Delhi,40,446.70375,2.9,0.35,20137.81,7.41875,503.44525000000004,0.4736842105263157,Maintain current tariff
Patna_to_Guwahati,30,431.222,3.2333333333333334,0.4666666666666667,14747.11,7.8516666666666675,491.57033333333334,0.21052631578947367,Increase tariff by 10-15% to improve margin
Patna_to_Hyderabad,42,466.65666666666664,3.2857142857142856,0.42857142857142855,22254.03,8.142142857142858,529.8578571428571,0.5263157894736841,Maintain current tariff
Patna_to_Indore,37,451.5072972972973,2.891891891891892,0.4594594594594595,19227.75,8.303513513513513,519.668918918919,0.39473684210526305,Maintain current tariff
Patna_to_Jaipur,48,520.81125,3.1875,0.375,27803.62,8.666875,579.2420833333333,0.6842105263157894,Reduce tariff by 5-10% to gain more volume
Patna_to_Jamshedpur,47,522.3148936170213,2.893617021276596,0.3829787234042553,28633.32,8.795957446808512,609.219574468085,0.6578947368421051,Reduce tariff by 5-10% to gain more volume
Patna_to_Kochi,44,417.16659090909087,3.0454545454545454,0.36363636363636365,21121.7,7.4161363636363635,480.0386363636364,0.5789473684210527,Maintain current tariff
Patna_to_Kolkata,48,431.269375,2.8333333333333335,0.3333333333333333,23710.94,7.8425,493.97791666666666,0.6842105263157894,Reduce tariff by 5-10% to gain more volume
Patna_to_Lucknow,49,406.5751020408163,2.877551020408163,0.32653061224489793,23069.96,7.0955102040816325,470.8155102040816,0.7105263157894737,Reduce tariff by 5-10% to gain more volume
Patna_to_Ludhiana,39,437.773076923077,2.871794871794872,0.3333333333333333,19193.74,7.6405128205128205,492.1471794871795,0.4473684210526314,Maintain current tariff
Patna_to_Meerut,51,406.1558823529412,3.2745098039215685,0.45098039215686275,24592.75,7.49843137254902,482.21078431372547,0.763157894736842,Reduce tariff by 5-10% to gain more volume
Patna_to_Mumbai,44,488.1788636363636,2.75,0.2727272727272727,24186.420000000002,7.947727272727272,549.6913636363637,0.5789473684210527,Maintain current tariff
Patna_to_Nagpur,32,457.07624999999996,2.9375,0.375,16810.11,7.365,525.3159375,0.26315789473684204,Increase tariff by 10-15% to improve margin
Patna_to_Nashik,33,495.9412121212121,3.242424242424242,0.42424242424242425,18759.38,8.585151515151516,568.4660606060606,0.2894736842105262,Increase tariff by 10-15% to improve margin
Patna_to_Pune,43,432.7376744186047,3.186046511627907,0.5116279069767442,21442.96,7.632093023255814,498.673488372093,0.5526315789473684,Maintain current tariff
Patna_to_Raipur,40,431.07624999999996,2.725,0.375,20230.76,7.59575,505.76899999999995,0.4736842105263157,Maintain current tariff
Patna_to_Ranchi,32,374.0915625,2.84375,0.34375,14551.630000000001,6.6228125,454.73843750000003,0.26315789473684204,Increase tariff by 10-15% to improve margin
Patna_to_Shimla,52,491.2563461538462,3.1538461538461537,0.46153846153846156,29031.9,7.854807692307692,558.3057692307692,0.7894736842105261,Reduce tariff by 5-10% to gain more volume
Patna_to_Srinagar,43,444.8120930232558,3.116279069767442,0.46511627906976744,21820.48,7.326744186046512,507.45302325581395,0.5526315789473684,Maintain current tariff
Patna_to_Surat,53,398.9975471698113,2.7735849056603774,0.33962264150943394,24882.52,7.470000000000001,469.4815094339623,0.8157894736842104,Reduce tariff by 5-10% to gain more volume
Patna_to_Thiruvananthapuram,39,513.6810256410257,2.948717948717949,0.41025641025641024,22368.9,8.682307692307692,573.5615384615385,0.4473684210526314,Maintain current tariff
Patna_to_Varanasi,43,481.3802325581395,3.0,0.3953488372093023,23675.43,8.163488372093024,550.5913953488372,0.5526315789473684,Maintain current tariff
Patna_to_Vijayawada,47,475.756170212766,3.0,0.3617021276595745,25502.25,7.768510638297872,542.6010638297872,0.6578947368421051,Reduce tariff by 5-10% to gain more volume
Patna_to_Vizag,38,409.43868421052633,2.8947368421052633,0.34210526315789475,17967.33,7.778947368421053,472.82447368421055,0.42105263157894735,Maintain current tariff
Pune_to_Agra,40,460.0775,3.2,0.375,20992.76,7.61875,524.819,0.4736842105263157,Maintain current tariff
Pune_to_Ahmedabad,38,415.5757894736842,2.8421052631578947,0.34210526315789475,18088.29,7.695526315789474,476.0076315789474,0.42105263157894735,Maintain current tariff
Pune_to_Amritsar,49,418.0,3.1020408163265305,0.4489795918367347,24272.91,7.802244897959183,495.3655102040816,0.7105263157894737,Reduce tariff by 5-10% to gain more volume
Pune_to_Aurangabad,42,430.3790476190476,2.5952380952380953,0.30952380952380953,20581.239999999998,6.821428571428571,490.02952380952377,0.5263157894736841,Maintain current tariff
Pune_to_Bangalore,54,470.3525925925926,3.0555555555555554,0.46296296296296297,29348.54,8.09851851851852,543.4914814814815,0.8421052631578947,Reduce tariff by 5-10% to gain more volume
Pune_to_Bhopal,39,434.6928205128205,3.076923076923077,0.41025641025641024,19495.7,7.486666666666667,499.8897435897436,0.4473684210526314,Maintain current tariff
Pune_to_Bhubaneswar,42,376.07928571428573,3.3333333333333335,0.40476190476190477,18562.55,6.7159523809523805,441.9654761904762,0.5263157894736841,Maintain current tariff
Pune_to_Chandigarh,33,426.29181818181814,3.0303030303030303,0.3939393939393939,16153.55,7.153939393939394,489.50151515151515,0.2894736842105262,Increase tariff by 10-15% to improve margin
Pune_to_Chennai,45,404.6684444444444,3.1555555555555554,0.37777777777777777,21635.14,7.104,480.78088888888885,0.6052631578947367,Reduce tariff by 5-10% to gain more volume
Pune_to_Coimbatore,38,382.13184210526316,3.263157894736842,0.5263157894736842,17273.65,7.29921052631579,454.5697368421053,0.42105263157894735,Maintain current tariff
Pune_to_Dehradun,32,424.98625,2.96875,0.34375,15864.81,7.1190625,495.7753125,0.26315789473684204,Increase tariff by 10-15% to improve margin
Pune_to_Delhi,47,483.0570212765958,3.2127659574468086,0.40425531914893614,26338.82,8.300212765957447,560.4004255319148,0.6578947368421051,Reduce tariff by 5-10% to gain more volume
Pune_to_Guwahati,43,413.3727906976744,2.6744186046511627,0.27906976744186046,21137.0,7.285116279069768,491.5581395348837,0.5526315789473684,Maintain current tariff
Pune_to_Hyderabad,38,440.55763157894734,3.1052631578947367,0.47368421052631576,19834.420000000002,7.512894736842106,521.9584210526316,0.42105263157894735,Maintain current tariff
Pune_to_Indore,53,453.8067924528302,3.018867924528302,0.4339622641509434,27927.69,7.877358490566038,526.9375471698113,0.8157894736842104,Reduce tariff by 5-10% to gain more volume
Pune_to_Jaipur,33,444.6039393939394,2.787878787878788,0.3333333333333333,17074.22,8.046363636363637,517.4006060606062,0.2894736842105262,Increase tariff by 10-15% to improve margin
Pune_to_Jamshedpur,43,420.5006976744186,3.4186046511627906,0.4883720930232558,20858.45,6.940232558139535,485.0802325581395,0.5526315789473684,Maintain current tariff
Pune_to_Kochi,47,422.8423404255319,2.8297872340425534,0.3404255319148936,23227.97,7.372127659574469,494.2121276595745,0.6578947368421051,Reduce tariff by 5-10% to gain more volume
Pune_to_Kolkata,32,461.830625,2.9375,0.28125,16854.5,8.1853125,526.703125,0.26315789473684204,Increase tariff by 10-15% to improve margin
Pune_to_Lucknow,42,403.992380952381,2.9523809523809526,0.30952380952380953,20392.62,7.593333333333334,485.5385714285714,0.5263157894736841,Maintain current tariff
Pune_to_Ludhiana,31,462.86064516129034,2.4838709677419355,0.22580645161290322,16423.04,7.880967741935484,529.7754838709677,0.23684210526315785,Increase tariff by 10-15% to improve margin
Pune_to_Meerut,36,449.04833333333335,3.1944444444444446,0.4444444444444444,18523.76,8.456944444444444,514.5488888888889,0.36842105263157887,Maintain current tariff
Pune_to_Mumbai,41,398.81365853658536,3.292682926829268,0.5609756097560976,19531.03,7.451219512195122,476.3665853658536,0.5,Maintain current tariff
Pune_to_Nagpur,35,453.62714285714287,3.4,0.5142857142857142,18149.37,8.137142857142857,518.5534285714285,0.3421052631578947,Maintain current tariff
Pune_to_Nashik,49,471.3561224489796,2.6530612244897958,0.2653061224489796,26026.55,8.060408163265306,531.1540816326531,0.7105263157894737,Reduce tariff by 5-10% to gain more volume
Pune_to_Patna,45,409.1828888888889,3.088888888888889,0.4444444444444444,21767.27,7.862444444444445,483.71711111111114,0.6052631578947367,Reduce tariff by 5-10% to gain more volume
Pune_to_Raipur,42,439.2338095238095,2.8095238095238093,0.30952380952380953,20901.38,8.072380952380954,497.6519047619048,0.5263157894736841,Maintain current tariff
Pune_to_Ranchi,31,450.06838709677425,3.0,0.3225806451612903,15652.09,7.871290322580645,504.9061290322581,0.23684210526315785,Increase tariff by 10-15% to improve margin
Pune_to_Shimla,45,359.8226666666667,2.8666666666666667,0.37777777777777777,18856.18,6.7651111111111115,419.0262222222222,0.6052631578947367,Reduce tariff by 5-10% to gain more volume
Pune_to_Srinagar,47,465.5448936170213,3.106382978723404,0.425531914893617,24233.46,7.849148936170213,515.6055319148936,0.6578947368421051,Reduce tariff by 5-10% to gain more volume
Pune_to_Surat,29,405.87310344827586,2.689655172413793,0.2413793103448276,13455.71,7.3789655172413795,463.98999999999995,0.18421052631578938,Increase tariff by 10-15% to improve margin
Pune_to_Thiruvananthapuram,42,469.2540476190476,2.7142857142857144,0.3333333333333333,22753.69,8.02547619047619,541.7545238095238,0.5263157894736841,Maintain current tariff
Pune_to_Varanasi,28,459.61821428571426,3.357142857142857,0.4642857142857143,14771.59,8.2225,527.5567857142858,0.1578947368421052,Increase tariff by 10-15% to improve margin
Pune_to_Vijayawada,52,402.6098076923077,2.8461538461538463,0.3076923076923077,24518.57,7.161538461538461,471.5109615384615,0.7894736842105261,Reduce tariff by 5-10% to gain more volume
Pune_to_Vizag,43,426.68162790697676,2.883720930232558,0.32558139534883723,20930.63,7.689302325581395,486.7588372093023,0.5526315789473684,Maintain current tariff
Raipur_to_Agra,51,501.2658823529412,2.8823529411764706,0.27450980392156865,28981.91,8.40078431372549,568.2727450980392,0.763157894736842,Reduce tariff by 5-10% to gain more volume
Raipur_to_Ahmedabad,30,423.541,2.7333333333333334,0.3333333333333333,14830.68,6.990666666666667,494.356,0.21052631578947367,Increase tariff by 10-15% to improve margin
Raipur_to_Amritsar,48,422.6197916666667,3.1875,0.4166666666666667,23870.2,7.409375,497.29583333333335,0.6842105263157894,Reduce tariff by 5-10% to gain more volume
Raipur_to_Aurangabad,41,460.6929268292683,3.3902439024390243,0.5121951219512195,21424.68,7.987560975609757,522.5531707317073,0.5,Maintain current tariff
Raipur_to_Bangalore,26,452.21576923076924,3.1538461538461537,0.46153846153846156,13479.720000000001,7.726923076923077,518.4507692307693,0.10526315789473673,Increase tariff by 10-15% to improve margin
Raipur_to_Bhopal,53,451.111320754717,2.792452830188679,0.33962264150943394,26741.76,8.187547169811321,504.5615094339622,0.8157894736842104,Reduce tariff by 5-10% to gain more volume
Raipur_to_Bhubaneswar,39,453.02487179487184,2.948717948717949,0.38461538461538464,19943.02,8.286923076923078,511.3594871794872,0.4473684210526314,Maintain current tariff
Raipur_to_Chandigarh,37,399.24567567567567,2.864864864864865,0.2972972972972973,17424.51,7.48918918918919,470.93270270270267,0.39473684210526305,Maintain current tariff
Raipur_to_Chennai,37,492.62891891891894,2.918918918918919,0.40540540540540543,20447.39,8.032432432432433,552.6321621621621,0.39473684210526305,Maintain current tariff
Raipur_to_Coimbatore,31,356.6867741935484,2.6451612903225805,0.3870967741935484,13126.77,6.349354838709678,423.4441935483871,0.23684210526315785,Increase tariff by 10-15% to improve margin
Raipur_to_Dehradun,44,398.1627272727273,3.1818181818181817,0.4090909090909091,20829.29,7.044772727272728,473.3929545454546,0.5789473684210527,Maintain current tariff
Raipur_to_Delhi,29,467.6258620689655,2.689655172413793,0.2413793103448276,15775.31,7.687586206896552,543.9762068965517,0.18421052631578938,Increase tariff by 10-15% to improve margin
Raipur_to_Guwahati,36,369.04555555555555,3.25,0.4722222222222222,16098.58,6.931111111111111,447.1827777777778,0.36842105263157887,Maintain current tariff
Raipur_to_Hyderabad,43,417.55023255813956,3.116279069767442,0.4186046511627907,20705.52,7.207674418604651,481.52372093023257,0.5526315789473684,Maintain current tariff
Raipur_to_Indore,30,426.2493333333333,2.433333333333333,0.2,14265.34,7.044,475.5113333333333,0.21052631578947367,Increase tariff by 10-15% to improve margin
Raipur_to_Jaipur,41,379.0060975609756,2.8292682926829267,0.3170731707317073,18137.54,7.19609756097561,442.3790243902439,0.5,Maintain current tariff
Raipur_to_Jamshedpur,28,374.3346428571428,2.7142857142857144,0.2857142857142857,12669.3,7.155714285714287,452.47499999999997,0.1578947368421052,Increase tariff by 10-15% to improve margin
Raipur_to_Kochi,45,391.75044444444444,3.2444444444444445,0.4666666666666667,20882.39,7.115111111111111,464.0531111111111,0.6052631578947367,Reduce tariff by 5-10% to gain more volume
Raipur_to_Kolkata,33,416.2806060606061,3.212121212121212,0.48484848484848486,15879.79,7.401212121212121,481.2057575757576,0.2894736842105262,Increase tariff by 10-15% to improve margin
Raipur_to_Lucknow,41,391.7648780487805,2.902439024390244,0.4146341463414634,18582.46,7.163170731707317,453.23073170731703,0.5,Maintain current tariff
Raipur_to_Ludhiana,32,317.580625,2.78125,0.3125,12052.62,6.0303125,376.644375,0.26315789473684204,Increase tariff by 10-15% to improve margin
Raipur_to_Meerut,32,414.270625,3.0625,0.46875,15416.1,6.795625,481.753125,0.26315789473684204,Increase tariff by 10-15% to improve margin
Raipur_to_Mumbai,37,423.48108108108113,2.810810810810811,0.3783783783783784,17753.84,7.2110810810810815,479.83351351351354,0.39473684210526305,Maintain current tariff
Raipur_to_Nagpur,31,431.24387096774194,2.870967741935484,0.3548387096774194,15021.1,7.790967741935484,484.5516129032258,0.23684210526315785,Increase tariff by 10-15% to improve margin
Raipur_to_Nashik,31,474.61129032258066,3.032258064516129,0.45161290322580644,16965.3,8.089032258064515,547.2677419354839,0.23684210526315785,Increase tariff by 10-15% to improve margin
Raipur_to_Patna,40,442.1205,3.175,0.45,20372.99,7.367749999999999,509.32475000000005,0.4736842105263157,Maintain current tariff
Raipur_to_Pune,40,455.073,3.25,0.425,21108.68,8.087250000000001,527.717,0.4736842105263157,Maintain current tariff
Raipur_to_Ranchi,35,503.8525714285714,2.8857142857142857,0.3142857142857143,19784.39,8.388285714285713,565.2682857142858,0.3421052631578947,Maintain current tariff
Raipur_to_Shimla,41,457.11756097560976,2.731707317073171,0.3170731707317073,21391.97,7.401707317073171,521.7553658536585,0.5,Maintain current tariff
Raipur_to_Srinagar,40,387.5365,2.9,0.325,17999.9,7.95475,449.99750000000006,0.4736842105263157,Maintain current tariff
Raipur_to_Surat,38,461.68605263157895,2.763157894736842,0.34210526315789475,19791.61,8.142105263157895,520.8318421052631,0.42105263157894735,Maintain current tariff
Raipur_to_Thiruvananthapuram,37,459.98405405405407,3.108108108108108,0.4594594594594595,19868.4,7.832162162162163,536.9837837837838,0.39473684210526305,Maintain current tariff
Raipur_to_Varanasi,31,510.45451612903224,2.967741935483871,0.3548387096774194,17535.52,8.182258064516128,565.6619354838709,0.23684210526315785,Increase tariff by 10-15% to improve margin
Raipur_to_Vijayawada,36,454.77944444444444,2.5555555555555554,0.25,18540.9,7.297777777777777,515.0250000000001,0.36842105263157887,Maintain current tariff
Raipur_to_Vizag,31,369.97322580645164,2.774193548387097,0.2903225806451613,13282.26,6.945806451612903,428.46,0.23684210526315785,Increase tariff by 10-15% to improve margin
Ranchi_to_Agra,51,437.75823529411764,2.9411764705882355,0.43137254901960786,25772.53,8.040980392156863,505.34372549019605,0.763157894736842,Reduce tariff by 5-10% to gain more volume
Ranchi_to_Ahmedabad,38,440.5394736842105,3.3684210526315788,0.5789473684210527,18739.22,7.782368421052632,493.13736842105266,0.42105263157894735,Maintain current tariff
Ranchi_to_Amritsar,34,448.8941176470588,2.9411764705882355,0.38235294117647056,17773.37,8.59764705882353,522.7461764705882,0.3157894736842104,Maintain current tariff
Ranchi_to_Aurangabad,35,441.02085714285715,2.6857142857142855,0.2857142857142857,17592.32,8.437142857142858,502.63771428571425,0.3421052631578947,Maintain current tariff
Ranchi_to_Bangalore,31,407.75774193548386,2.903225806451613,0.2903225806451613,14619.12,7.31,471.5845161290323,0.23684210526315785,Increase tariff by 10-15% to improve margin
Ranchi_to_Bhopal,49,402.5071428571428,3.163265306122449,0.42857142857142855,22892.7,7.221836734693878,467.1979591836735,0.7105263157894737,Reduce tariff by 5-10% to gain more volume
Ranchi_to_Bhubaneswar,34,424.68264705882353,2.7058823529411766,0.29411764705882354,16836.07,7.727941176470588,495.1785294117647,0.3157894736842104,Maintain current tariff
Ranchi_to_Chandigarh,27,468.2333333333333,3.6296296296296298,0.6296296296296297,14471.47,7.681111111111112,535.9803703703703,0.13157894736842102,Increase tariff by 10-15% to improve margin
Ranchi_to_Chennai,35,435.2322857142857,3.4857142857142858,0.6,17567.78,7.849714285714286,501.93657142857137,0.3421052631578947,Maintain current tariff
Ranchi_to_Coimbatore,39,448.416923076923,3.5641025641025643,0.5384615384615384,20148.5,8.216153846153846,516.6282051282051,0.4473684210526314,Maintain current tariff
Ranchi_to_Dehradun,52,424.5323076923077,3.173076923076923,0.4807692307692308,25380.46,8.029807692307692,488.0857692307692,0.7894736842105261,Reduce tariff by 5-10% to gain more volume
Ranchi_to_Delhi,43,456.06930232558136,3.116279069767442,0.4883720930232558,23112.1,8.368372093023256,537.4906976744186,0.5526315789473684,Maintain current tariff
Ranchi_to_Guwahati,44,371.70431818181817,3.0,0.36363636363636365,19398.25,6.394090909090909,440.8693181818182,0.5789473684210527,Maintain current tariff
Ranchi_to_Hyderabad,45,461.7531111111111,2.9555555555555557,0.4,23686.04,8.121333333333332,526.3564444444445,0.6052631578947367,Reduce tariff by 5-10% to gain more volume
Ranchi_to_Indore,41,367.4675609756098,3.024390243902439,0.36585365853658536,16845.32,6.3446341463414635,410.86146341463416,0.5,Maintain current tariff
Ranchi_to_Jaipur,34,407.4714705882353,3.0,0.3235294117647059,16071.58,7.044705882352941,472.6935294117647,0.3157894736842104,Maintain current tariff
Ranchi_to_Jamshedpur,40,389.6085,2.85,0.35,17988.08,7.60675,449.70200000000006,0.4736842105263157,Maintain current tariff
Ranchi_to_Kochi,40,404.17199999999997,3.175,0.425,18951.19,8.213750000000001,473.77975,0.4736842105263157,Maintain current tariff
Ranchi_to_Kolkata,44,483.10954545454547,3.1363636363636362,0.4090909090909091,24334.91,8.204545454545455,553.0661363636364,0.5789473684210527,Maintain current tariff
Ranchi_to_Lucknow,37,427.9008108108108,2.918918918918919,0.3783783783783784,17932.52,7.368378378378378,484.6627027027027,0.39473684210526305,Maintain current tariff
Ranchi_to_Ludhiana,50,439.7104,2.82,0.36,25557.82,7.544,511.1564,0.7368421052631577,Reduce tariff by 5-10% to gain more volume
Ranchi_to_Meerut,35,428.37714285714287,3.2857142857142856,0.45714285714285713,17506.34,7.717142857142858,500.18114285714285,0.3421052631578947,Maintain current tariff
Ranchi_to_Mumbai,49,433.48040816326534,3.326530612244898,0.4897959183673469,24599.16,7.776938775510204,502.02367346938775,0.7105263157894737,Reduce tariff by 5-10% to gain more volume
Ranchi_to_Nagpur,37,389.87243243243245,3.1621621621621623,0.4594594594594595,16739.32,7.71918918918919,452.414054054054,0.39473684210526305,Maintain current tariff
Ranchi_to_Nashik,41,423.97463414634143,2.5853658536585367,0.2926829268292683,20327.43,7.857073170731707,495.7909756097561,0.5,Maintain current tariff
Ranchi_to_Patna,43,455.9258139534884,3.302325581395349,0.4418604651162791,22583.89,7.07093023255814,525.2067441860465,0.5526315789473684,Maintain current tariff
Ranchi_to_Pune,39,439.84,3.051282051282051,0.4358974358974359,19514.2,7.22948717948718,500.3641025641026,0.4473684210526314,Maintain current tariff
Ranchi_to_Raipur,37,421.58,2.945945945945946,0.40540540540540543,18069.51,8.095945945945946,488.3651351351351,0.39473684210526305,Maintain current tariff
Ranchi_to_Shimla,40,424.65600000000006,3.05,0.4,19489.17,7.593000000000001,487.22925,0.4736842105263157,Maintain current tariff
Ranchi_to_Srinagar,43,447.12395348837214,2.6511627906976742,0.32558139534883723,22349.86,8.17906976744186,519.7641860465117,0.5526315789473684,Maintain current tariff
Ranchi_to_Surat,43,422.5981395348837,3.302325581395349,0.46511627906976744,20940.16,7.891627906976743,486.98046511627905,0.5526315789473684,Maintain current tariff
Ranchi_to_Thiruvananthapuram,43,482.9779069767442,2.7674418604651163,0.3488372093023256,23554.850000000002,8.01720930232558,547.7872093023257,0.5526315789473684,Maintain current tariff
Ranchi_to_Varanasi,37,357.2810810810811,3.3513513513513513,0.4864864864864865,15800.28,7.018378378378379,427.03459459459464,0.39473684210526305,Maintain current tariff
Ranchi_to_Vijayawada,37,453.62297297297295,3.3513513513513513,0.4864864864864865,19207.73,7.395135135135135,519.1278378378378,0.39473684210526305,Maintain current tariff
Ranchi_to_Vizag,35,482.946,3.142857142857143,0.45714285714285713,19401.59,7.967142857142858,554.3311428571428,0.3421052631578947,Maintain current tariff
Shimla_to_Agra,36,535.7247222222222,3.2222222222222223,0.4722222222222222,21928.72,8.27888888888889,609.1311111111112,0.36842105263157887,Maintain current tariff
Shimla_to_Ahmedabad,30,456.2303333333333,3.3,0.5,15566.48,7.4383333333333335,518.8826666666666,0.21052631578947367,Increase tariff by 10-15% to improve margin
Shimla_to_Amritsar,39,576.4315384615384,2.9743589743589745,0.358974358974359,24712.75,9.413076923076924,633.6602564102565,0.4473684210526314,Maintain current tariff
Shimla_to_Aurangabad,41,346.12146341463415,3.073170731707317,0.3902439024390244,16982.47,6.119268292682927,414.2065853658537,0.5,Maintain current tariff
Shimla_to_Bangalore,44,431.8304545454546,3.1363636363636362,0.4090909090909091,22107.3,7.512272727272728,502.43863636363636,0.5789473684210527,Maintain current tariff
Shimla_to_Bhopal,47,400.7263829787234,2.893617021276596,0.3617021276595745,21969.989999999998,7.061276595744681,467.4465957446808,0.6578947368421051,Reduce tariff by 5-10% to gain more volume
Shimla_to_Bhubaneswar,40,431.07700000000006,3.35,0.475,20106.18,7.53025,502.6545,0.4736842105263157,Maintain current tariff
Shimla_to_Chandigarh,45,378.2628888888888,2.9555555555555557,0.4,20046.28,6.8164444444444445,445.47288888888886,0.6052631578947367,Reduce tariff by 5-10% to gain more volume
Shimla_to_Chennai,30,435.361,3.033333333333333,0.5333333333333333,15111.119999999999,7.190666666666667,503.70399999999995,0.21052631578947367,Increase tariff by 10-15% to improve margin
Shimla_to_Coimbatore,41,460.96073170731705,2.7804878048780486,0.3170731707317073,22242.45,8.140487804878049,542.4987804878049,0.5,Maintain current tariff
Shimla_to_Dehradun,37,452.5648648648649,3.2432432432432434,0.4864864864864865,18722.56,8.184864864864863,506.01513513513515,0.39473684210526305,Maintain current tariff
Shimla_to_Delhi,46,386.73434782608695,3.282608695652174,0.4782608695652174,21060.48,6.824347826086957,457.83652173913043,0.631578947368421,Reduce tariff by 5-10% to gain more volume
Shimla_to_Guwahati,40,429.93500000000006,3.075,0.4,19890.17,7.159999999999999,497.25424999999996,0.4736842105263157,Maintain current tariff
Shimla_to_Hyderabad,42,432.1723809523809,3.0238095238095237,0.42857142857142855,20513.89,8.113333333333333,488.42595238095237,0.5263157894736841,Maintain current tariff
Shimla_to_Indore,32,432.2396875,2.9375,0.40625,16221.61,7.1978124999999995,506.9253125,0.26315789473684204,Increase tariff by 10-15% to improve margin
Shimla_to_Jaipur,42,550.3461904761905,2.9523809523809526,0.42857142857142855,26378.77,9.043571428571429,628.0659523809524,0.5263157894736841,Maintain current tariff
Shimla_to_Jamshedpur,33,523.6518181818182,2.8484848484848486,0.36363636363636365,18944.54,8.96,574.0769696969697,0.2894736842105262,Increase tariff by 10-15% to improve margin
Shimla_to_Kochi,53,383.4675471698113,2.9056603773584904,0.39622641509433965,24189.42,6.684150943396226,456.4041509433962,0.8157894736842104,Reduce tariff by 5-10% to gain more volume
Shimla_to_Kolkata,34,420.27,3.0,0.35294117647058826,16607.08,7.565882352941177,488.44352941176476,0.3157894736842104,Maintain current tariff
Shimla_to_Lucknow,38,429.0855263157895,3.289473684210526,0.42105263157894735,18981.14,7.290263157894736,499.5036842105263,0.42105263157894735,Maintain current tariff
Shimla_to_Ludhiana,40,517.647,3.1,0.4,23641.91,8.3365,591.04775,0.4736842105263157,Maintain current tariff
Shimla_to_Meerut,41,392.0436585365854,3.317073170731707,0.4878048780487805,19455.02,6.85390243902439,474.51268292682926,0.5,Maintain current tariff
Shimla_to_Mumbai,40,443.37,2.725,0.35,20477.78,8.126999999999999,511.94449999999995,0.4736842105263157,Maintain current tariff
Shimla_to_Nagpur,57,395.5880701754386,2.807017543859649,0.2982456140350877,25654.64,7.100175438596491,450.0814035087719,0.9210526315789473,Reduce tariff by 5-10% to gain more volume
Shimla_to_Nashik,29,463.0065517241379,2.586206896551724,0.27586206896551724,15305.64,8.05896551724138,527.7806896551724,0.18421052631578938,Increase tariff by 10-15% to improve margin
Shimla_to_Patna,39,433.94461538461536,3.3333333333333335,0.5128205128205128,19392.81,7.513589743589743,497.2515384615385,0.4473684210526314,Maintain current tariff
Shimla_to_Pune,40,455.80875,2.95,0.35,21276.02,7.58425,531.9005,0.4736842105263157,Maintain current tariff
Shimla_to_Raipur,46,451.5913043478261,2.8260869565217392,0.32608695652173914,23410.04,7.906739130434782,508.91391304347826,0.631578947368421,Reduce tariff by 5-10% to gain more volume
Shimla_to_Ranchi,36,459.1275,2.9722222222222223,0.3055555555555556,18875.739999999998,7.998888888888889,524.326111111111,0.36842105263157887,Maintain current tariff
Shimla_to_Srinagar,46,410.4376086956522,3.152173913043478,0.45652173913043476,22019.38,7.264782608695652,478.6821739130435,0.631578947368421,Reduce tariff by 5-10% to gain more volume
Shimla_to_Surat,37,476.8456756756757,2.6216216216216215,0.35135135135135137,20239.15,7.715405405405406,547.0040540540541,0.39473684210526305,Maintain current tariff
Shimla_to_Thiruvananthapuram,35,440.994,3.257142857142857,0.45714285714285713,17795.010000000002,7.734857142857142,508.4288571428572,0.3421052631578947,Maintain current tariff
Shimla_to_Varanasi,45,441.03133333333335,3.2,0.4888888888888889,23415.79,7.729333333333333,520.3508888888889,0.6052631578947367,Reduce tariff by 5-10% to gain more volume
Shimla_to_Vijayawada,34,407.02264705882357,3.0,0.38235294117647056,16682.27,7.790882352941176,490.65500000000003,0.3157894736842104,Maintain current tariff
Shimla_to_Vizag,30,424.65566666666666,3.1,0.5,14991.97,7.763,499.7323333333333,0.21052631578947367,Increase tariff by 10-15% to improve margin
Srinagar_to_Agra,35,481.76657142857147,3.0285714285714285,0.42857142857142855,19207.2,8.327428571428571,548.7771428571428,0.3421052631578947,Maintain current tariff
Srinagar_to_Ahmedabad,47,413.62,2.9148936170212765,0.3617021276595745,22934.8,7.278936170212766,487.97446808510637,0.6578947368421051,Reduce tariff by 5-10% to gain more volume
Srinagar_to_Amritsar,36,396.3641666666667,2.861111111111111,0.3888888888888889,16302.380000000001,7.15388888888889,452.8438888888889,0.36842105263157887,Maintain current tariff
Srinagar_to_Aurangabad,37,448.6224324324324,2.945945945945946,0.3783783783783784,18790.93,8.467027027027028,507.86297297297295,0.39473684210526305,Maintain current tariff
Srinagar_to_Bangalore,35,486.7237142857143,2.857142857142857,0.34285714285714286,19151.57,7.748,547.1877142857143,0.3421052631578947,Maintain current tariff
Srinagar_to_Bhopal,31,414.4070967741935,2.7419354838709675,0.3870967741935484,14901.66,7.283225806451613,480.69870967741934,0.23684210526315785,Increase tariff by 10-15% to improve margin
Srinagar_to_Bhubaneswar,35,402.6294285714286,3.0285714285714285,0.5142857142857142,15675.48,6.814285714285714,447.8708571428571,0.3421052631578947,Maintain current tariff
Srinagar_to_Chandigarh,49,417.15142857142854,2.489795918367347,0.2653061224489796,23435.13,7.521428571428571,478.2679591836735,0.7105263157894737,Reduce tariff by 5-10% to gain more volume
Srinagar_to_Chennai,34,433.7076470588235,3.0294117647058822,0.5,16239.91,7.437941176470589,477.64441176470586,0.3157894736842104,Maintain current tariff
Srinagar_to_Coimbatore,33,437.2721212121212,3.0606060606060606,0.45454545454545453,16363.0,7.488484848484848,495.8484848484849,0.2894736842105262,Increase tariff by 10-15% to improve margin
Srinagar_to_Dehradun,32,472.17,3.0625,0.46875,17703.48,8.3734375,553.23375,0.26315789473684204,Increase tariff by 10-15% to improve margin
Srinagar_to_Delhi,36,479.71999999999997,2.6944444444444446,0.3333333333333333,20114.56,7.689166666666667,558.7377777777779,0.36842105263157887,Maintain current tariff
Srinagar_to_Guwahati,45,344.00666666666666,2.8666666666666667,0.35555555555555557,18765.37,6.373333333333334,417.0082222222222,0.6052631578947367,Reduce tariff by 5-10% to gain more volume
Srinagar_to_Hyderabad,45,468.8866666666667,2.933333333333333,0.3333333333333333,24204.04,7.725555555555555,537.8675555555556,0.6052631578947367,Reduce tariff by 5-10% to gain more volume
Srinagar_to_Indore,38,454.1031578947368,3.3157894736842106,0.5526315789473685,19817.84,7.556052631578948,521.5221052631579,0.42105263157894735,Maintain current tariff
Srinagar_to_Jaipur,45,473.9715555555556,2.688888888888889,0.35555555555555557,24421.77,7.845555555555555,542.706,0.6052631578947367,Reduce tariff by 5-10% to gain more volume
Srinagar_to_Jamshedpur,35,417.32714285714286,3.1714285714285713,0.4857142857142857,17317.76,7.573142857142857,494.7931428571428,0.3421052631578947,Maintain current tariff
Srinagar_to_Kochi,60,519.1681666666667,2.95,0.4166666666666667,35758.81,8.3245,595.9801666666666,1.0,Reduce tariff by 5-10% to gain more volume
Srinagar_to_Kolkata,38,466.0155263157895,3.236842105263158,0.4473684210526316,20088.14,8.167894736842106,528.6352631578948,0.42105263157894735,Maintain current tariff
Srinagar_to_Lucknow,34,383.68323529411765,2.9411764705882355,0.35294117647058826,15410.51,6.978823529411764,453.25029411764706,0.3157894736842104,Maintain current tariff
Srinagar_to_Ludhiana,37,475.182972972973,3.2162162162162162,0.5135135135135135,19830.7,7.831351351351351,535.9648648648649,0.39473684210526305,Maintain current tariff
Srinagar_to_Meerut,41,380.81048780487805,3.0,0.34146341463414637,19046.98,7.213414634146342,464.56048780487805,0.5,Maintain current tariff
Srinagar_to_Mumbai,48,468.266875,3.3958333333333335,0.4791666666666667,25842.72,7.847708333333333,538.39,0.6842105263157894,Reduce tariff by 5-10% to gain more volume
Srinagar_to_Nagpur,45,502.1913333333333,3.0444444444444443,0.4444444444444444,26512.03,8.285555555555554,589.1562222222221,0.6052631578947367,Reduce tariff by 5-10% to gain more volume
Srinagar_to_Nashik,42,438.16428571428577,2.5952380952380953,0.2619047619047619,21271.4,7.730238095238096,506.4619047619048,0.5263157894736841,Maintain current tariff
Srinagar_to_Patna,47,466.2557446808511,3.148936170212766,0.44680851063829785,25208.4,8.008510638297873,536.3489361702128,0.6578947368421051,Reduce tariff by 5-10% to gain more volume
Srinagar_to_Pune,34,408.5470588235294,3.088235294117647,0.4117647058823529,16225.25,7.276176470588235,477.2132352941176,0.3157894736842104,Maintain current tariff
Srinagar_to_Raipur,38,468.10236842105263,2.5,0.23684210526315788,20068.2,7.939473684210526,528.1105263157895,0.42105263157894735,Maintain current tariff
Srinagar_to_Ranchi,37,445.13189189189194,3.054054054054054,0.40540540540540543,19059.96,7.854054054054055,515.134054054054,0.39473684210526305,Maintain current tariff
Srinagar_to_Shimla,36,429.4861111111111,3.138888888888889,0.3611111111111111,17314.58,7.685833333333333,480.96055555555563,0.36842105263157887,Maintain current tariff
Srinagar_to_Surat,32,459.744375,3.5,0.5625,17157.31,8.1378125,536.1659375,0.26315789473684204,Increase tariff by 10-15% to improve margin
Srinagar_to_Thiruvananthapuram,43,513.1281395348838,3.0232558139534884,0.4418604651162791,25455.99,8.585116279069767,591.9997674418605,0.5526315789473684,Maintain current tariff
Srinagar_to_Varanasi,32,429.381875,2.625,0.34375,15936.65,7.664375,498.0203125,0.26315789473684204,Increase tariff by 10-15% to improve margin
Srinagar_to_Vijayawada,35,458.7528571428572,2.6857142857142855,0.34285714285714286,18305.12,7.894857142857143,523.0034285714286,0.3421052631578947,Maintain current tariff
Srinagar_to_Vizag,41,462.56146341463415,3.3658536585365852,0.5365853658536586,21823.3,7.905609756097561,532.2756097560975,0.5,Maintain current tariff
Surat_to_Agra,48,441.31791666666663,3.0208333333333335,0.3958333333333333,24575.48,8.121666666666668,511.9891666666667,0.6842105263157894,Reduce tariff by 5-10% to gain more volume
Surat_to_Ahmedabad,33,452.63454545454545,2.8484848484848486,0.2727272727272727,16855.92,7.617272727272727,510.7854545454545,0.2894736842105262,Increase tariff by 10-15% to improve margin
Surat_to_Amritsar,42,485.42309523809524,3.5,0.5476190476190477,23379.2,8.391666666666666,556.6476190476191,0.5263157894736841,Maintain current tariff
Surat_to_Aurangabad,40,405.00025,2.925,0.45,19115.03,7.0920000000000005,477.87575,0.4736842105263157,Maintain current tariff
Surat_to_Bangalore,46,429.8152173913044,3.0217391304347827,0.391304347826087,22841.71,7.414130434782609,496.55891304347824,0.631578947368421,Reduce tariff by 5-10% to gain more volume
Surat_to_Bhopal,45,413.36977777777776,2.888888888888889,0.3111111111111111,21729.82,7.519555555555556,482.8848888888889,0.6052631578947367,Reduce tariff by 5-10% to gain more volume
Surat_to_Bhubaneswar,44,422.52840909090907,2.5454545454545454,0.3181818181818182,21529.96,7.019318181818182,489.3172727272727,0.5789473684210527,Maintain current tariff
Surat_to_Chandigarh,38,395.5263157894737,2.9210526315789473,0.39473684210526316,17735.0,7.027894736842105,466.7105263157895,0.42105263157894735,Maintain current tariff
Surat_to_Chennai,52,403.0567307692308,3.0384615384615383,0.4423076923076923,24212.66,7.268076923076923,465.62807692307695,0.7894736842105261,Reduce tariff by 5-10% to gain more volume
Surat_to_Coimbatore,38,429.3086842105263,3.0,0.47368421052631576,18620.56,7.367105263157894,490.0147368421053,0.42105263157894735,Maintain current tariff
Surat_to_Dehradun,39,448.2182051282051,3.1538461538461537,0.358974358974359,20155.08,8.26025641025641,516.7969230769231,0.4473684210526314,Maintain current tariff
Surat_to_Delhi,38,440.7855263157894,2.763157894736842,0.34210526315789475,19167.04,7.4068421052631574,504.39578947368426,0.42105263157894735,Maintain current tariff
Surat_to_Guwahati,42,421.1066666666667,2.9761904761904763,0.3333333333333333,20409.65,7.3914285714285715,485.94404761904764,0.5263157894736841,Maintain current tariff
Surat_to_Hyderabad,34,423.9182352941176,3.1470588235294117,0.47058823529411764,16909.11,7.462058823529412,497.3267647058824,0.3157894736842104,Maintain current tariff
Surat_to_Indore,44,413.4461363636364,3.272727272727273,0.45454545454545453,20427.329999999998,7.501363636363636,464.25749999999994,0.5789473684210527,Maintain current tariff
Surat_to_Jaipur,37,407.98756756756757,2.945945945945946,0.4594594594594595,17507.04,7.564324324324324,473.16324324324324,0.39473684210526305,Maintain current tariff
Surat_to_Jamshedpur,33,495.75363636363636,2.9696969696969697,0.36363636363636365,19549.23,7.977878787878788,592.4009090909091,0.2894736842105262,Increase tariff by 10-15% to improve margin
Surat_to_Kochi,37,399.6232432432432,3.2972972972972974,0.4594594594594595,17189.2,7.324864864864864,464.572972972973,0.39473684210526305,Maintain current tariff
Surat_to_Kolkata,45,466.88911111111116,2.7333333333333334,0.3111111111111111,23786.77,7.8662222222222224,528.5948888888889,0.6052631578947367,Reduce tariff by 5-10% to gain more volume
Surat_to_Lucknow,26,453.1653846153846,3.0384615384615383,0.4230769230769231,13630.24,7.163846153846153,524.24,0.10526315789473673,Increase tariff by 10-15% to improve margin
Surat_to_Ludhiana,48,447.5939583333334,3.0625,0.4375,24149.23,7.674791666666667,503.1089583333333,0.6842105263157894,Reduce tariff by 5-10% to gain more volume
Surat_to_Meerut,34,417.8914705882353,3.2058823529411766,0.47058823529411764,16531.25,6.950882352941176,486.2132352941176,0.3157894736842104,Maintain current tariff
Surat_to_Mumbai,45,428.2633333333333,2.888888888888889,0.28888888888888886,22482.14,7.477777777777778,499.6031111111111,0.6052631578947367,Reduce tariff by 5-10% to gain more volume
Surat_to_Nagpur,36,476.5497222222223,2.8333333333333335,0.3333333333333333,19338.14,8.265,537.1705555555556,0.36842105263157887,Maintain current tariff
Surat_to_Nashik,40,468.00600000000003,2.75,0.4,21201.97,8.22725,530.04925,0.4736842105263157,Maintain current tariff
Surat_to_Patna,40,439.32325000000003,3.175,0.4,20514.19,7.6015,512.85475,0.4736842105263157,Maintain current tariff
Surat_to_Pune,39,375.095641025641,2.8461538461538463,0.38461538461538464,17482.0,6.473076923076923,448.2564102564103,0.4473684210526314,Maintain current tariff
Surat_to_Raipur,36,524.5530555555556,3.0833333333333335,0.4166666666666667,21819.73,9.098611111111111,606.1036111111111,0.36842105263157887,Maintain current tariff
Surat_to_Ranchi,42,444.78214285714284,3.261904761904762,0.5476190476190477,21491.07,7.737142857142858,511.69214285714287,0.5263157894736841,Maintain current tariff
Surat_to_Shimla,48,456.6289583333333,2.8125,0.4166666666666667,25252.48,8.21875,526.0933333333334,0.6842105263157894,Reduce tariff by 5-10% to gain more volume
Surat_to_Srinagar,41,423.1353658536585,2.6341463414634148,0.3170731707317073,19508.55,7.96,475.8182926829268,0.5,Maintain current tariff
Surat_to_Thiruvananthapuram,43,460.51953488372095,2.9302325581395348,0.37209302325581395,22400.27,8.032558139534883,520.936511627907,0.5526315789473684,Maintain current tariff
Surat_to_Varanasi,47,422.81446808510634,2.9574468085106385,0.3404255319148936,22869.07,7.186595744680851,486.5759574468085,0.6578947368421051,Reduce tariff by 5-10% to gain more volume
Surat_to_Vijayawada,45,434.5826666666667,3.1555555555555554,0.5111111111111111,23014.95,6.9831111111111115,511.4433333333333,0.6052631578947367,Reduce tariff by 5-10% to gain more volume
Surat_to_Vizag,30,482.9506666666667,2.8333333333333335,0.36666666666666664,16441.91,8.227666666666668,548.0636666666667,0.21052631578947367,Increase tariff by 10-15% to improve margin
Thiruvananthapuram_to_Agra,41,456.73341463414636,3.073170731707317,0.43902439024390244,21212.75,7.915121951219512,517.3841463414634,0.5,Maintain current tariff
Thiruvananthapuram_to_Ahmedabad,46,408.1389130434782,2.739130434782609,0.30434782608695654,21789.97,7.609347826086956,473.69500000000005,0.631578947368421,Reduce tariff by 5-10% to gain more volume
Thiruvananthapuram_to_Amritsar,36,383.8647222222222,2.75,0.4166666666666667,16313.63,7.160555555555555,453.15638888888884,0.36842105263157887,Maintain current tariff
Thiruvananthapuram_to_Aurangabad,50,419.88840000000005,2.72,0.3,24187.61,7.225600000000001,483.7522,0.7368421052631577,Reduce tariff by 5-10% to gain more volume
Thiruvananthapuram_to_Bangalore,42,409.20285714285717,2.9523809523809526,0.4523809523809524,20002.08,7.135714285714285,476.24000000000007,0.5263157894736841,Maintain current tariff
Thiruvananthapuram_to_Bhopal,38,474.59315789473686,3.1315789473684212,0.39473684210526316,20548.61,7.995263157894737,540.7528947368421,0.42105263157894735,Maintain current tariff
Thiruvananthapuram_to_Bhubaneswar,31,436.4206451612903,3.096774193548387,0.41935483870967744,15753.4,7.733225806451612,508.1741935483871,0.23684210526315785,Increase tariff by 10-15% to improve margin
Thiruvananthapuram_to_Chandigarh,47,397.00340425531914,3.0638297872340425,0.3829787234042553,21372.6,7.2442553191489365,454.7361702127659,0.6578947368421051,Reduce tariff by 5-10% to gain more volume
Thiruvananthapuram_to_Chennai,36,429.6219444444444,2.888888888888889,0.4166666666666667,17989.64,8.028611111111111,499.7122222222222,0.36842105263157887,Maintain current tariff
Thiruvananthapuram_to_Coimbatore,32,406.19875,3.09375,0.40625,15328.51,7.27625,479.0159375,0.26315789473684204,Increase tariff by 10-15% to improve margin
Thiruvananthapuram_to_Dehradun,36,394.0383333333333,2.861111111111111,0.2777777777777778,16322.79,7.114444444444445,453.41083333333336,0.36842105263157887,Maintain current tariff
Thiruvananthapuram_to_Delhi,40,454.46375,2.95,0.45,20825.33,8.05425,520.6332500000001,0.4736842105263157,Maintain current tariff
Thiruvananthapuram_to_Guwahati,38,528.2665789473684,2.6315789473684212,0.3157894736842105,22688.68,9.18157894736842,597.0705263157895,0.42105263157894735,Maintain current tariff
Thiruvananthapuram_to_Hyderabad,37,447.8356756756757,2.675675675675676,0.21621621621621623,19000.97,7.717837837837838,513.5397297297297,0.39473684210526305,Maintain current tariff
Thiruvananthapuram_to_Indore,46,429.0271739130435,2.9782608695652173,0.41304347826086957,22406.63,7.397173913043478,487.1006521739131,0.631578947368421,Reduce tariff by 5-10% to gain more volume
Thiruvananthapuram_to_Jaipur,42,457.8647619047619,2.9523809523809526,0.42857142857142855,22170.260000000002,7.562619047619047,527.8633333333333,0.5263157894736841,Maintain current tariff
Thiruvananthapuram_to_Jamshedpur,40,430.02075,2.775,0.275,19459.68,7.76525,486.492,0.4736842105263157,Maintain current tariff
Thiruvananthapuram_to_Kochi,52,454.9015384615385,3.326923076923077,0.4807692307692308,27473.33,7.555000000000001,528.3332692307692,0.7894736842105261,Reduce tariff by 5-10% to gain more volume
Thiruvananthapuram_to_Kolkata,36,487.46416666666664,3.0277777777777777,0.3888888888888889,20081.87,8.162500000000001,557.8297222222222,0.36842105263157887,Maintain current tariff
Thiruvananthapuram_to_Lucknow,37,423.3227027027027,2.6486486486486487,0.21621621621621623,18356.07,7.732162162162162,496.11,0.39473684210526305,Maintain current tariff
Thiruvananthapuram_to_Ludhiana,48,404.04749999999996,2.6041666666666665,0.3125,22870.07,7.8187500000000005,476.45979166666666,0.6842105263157894,Reduce tariff by 5-10% to gain more volume
Thiruvananthapuram_to_Meerut,38,467.7171052631579,3.1842105263157894,0.5,20372.79,7.978421052631579,536.126052631579,0.42105263157894735,Maintain current tariff
Thiruvananthapuram_to_Mumbai,30,429.41966666666667,3.3666666666666667,0.5333333333333333,14579.49,7.617666666666667,485.983,0.21052631578947367,Increase tariff by 10-15% to improve margin
Thiruvananthapuram_to_Nagpur,25,489.30120000000005,2.96,0.44,13549.23,8.2488,541.9692,0.07894736842105254,Increase tariff by 10-15% to improve margin
Thiruvananthapuram_to_Nashik,27,450.23962962962963,3.074074074074074,0.5185185185185185,14049.59,8.396296296296295,520.3551851851852,0.13157894736842102,Increase tariff by 10-15% to improve margin
Thiruvananthapuram_to_Patna,35,393.512,3.4571428571428573,0.45714285714285713,16037.15,7.026,458.20428571428573,0.3421052631578947,Maintain current tariff
Thiruvananthapuram_to_Pune,44,463.61909090909097,3.022727272727273,0.4772727272727273,23391.02,8.361136363636364,531.6140909090909,0.5789473684210527,Maintain current tariff
Thiruvananthapuram_to_Raipur,43,428.3030232558139,2.953488372093023,0.37209302325581395,21638.68,7.984418604651163,503.22511627906977,0.5526315789473684,Maintain current tariff
Thiruvananthapuram_to_Ranchi,39,544.73,2.9743589743589745,0.4358974358974359,24129.05,9.052564102564103,618.6935897435898,0.4473684210526314,Maintain current tariff
Thiruvananthapuram_to_Shimla,29,426.4293103448276,3.1724137931034484,0.5517241379310345,14655.2,6.7972413793103446,505.35172413793106,0.18421052631578938,Increase tariff by 10-15% to improve margin
Thiruvananthapuram_to_Srinagar,35,391.80685714285715,2.7714285714285714,0.34285714285714286,16073.710000000001,6.734571428571429,459.24885714285716,0.3421052631578947,Maintain current tariff
Thiruvananthapuram_to_Surat,42,420.3628571428572,2.9523809523809526,0.40476190476190477,20547.21,8.014285714285714,489.2192857142857,0.5263157894736841,Maintain current tariff
Thiruvananthapuram_to_Varanasi,52,455.6901923076923,3.076923076923077,0.4807692307692308,27198.7,8.388076923076923,523.0519230769231,0.7894736842105261,Reduce tariff by 5-10% to gain more volume
Thiruvananthapuram_to_Vijayawada,42,491.50023809523816,3.1904761904761907,0.5,23811.0,8.399285714285714,566.9285714285714,0.5263157894736841,Maintain current tariff
Thiruvananthapuram_to_Vizag,45,442.20177777777775,3.088888888888889,0.4,22829.25,7.640000000000001,507.31666666666666,0.6052631578947367,Reduce tariff by 5-10% to gain more volume
Varanasi_to_Agra,46,403.77,2.891304347826087,0.41304347826086957,22273.78,7.5015217391304345,484.21260869565214,0.631578947368421,Reduce tariff by 5-10% to gain more volume
Varanasi_to_Ahmedabad,41,377.5741463414634,3.268292682926829,0.4878048780487805,18144.61,6.73390243902439,442.55146341463416,0.5,Maintain current tariff
Varanasi_to_Amritsar,33,490.1109090909091,2.9393939393939394,0.36363636363636365,18330.82,8.424545454545454,555.479393939394,0.2894736842105262,Increase tariff by 10-15% to improve margin
Varanasi_to_Aurangabad,45,429.83111111111117,3.311111111111111,0.4888888888888889,22389.65,7.575111111111111,497.5477777777778,0.6052631578947367,Reduce tariff by 5-10% to gain more volume
Varanasi_to_Bangalore,31,467.86290322580646,2.6129032258064515,0.22580645161290322,16626.5,7.430645161290323,536.3387096774194,0.23684210526315785,Increase tariff by 10-15% to improve margin
Varanasi_to_Bhopal,39,414.8602564102564,2.923076923076923,0.38461538461538464,18995.88,7.554102564102564,487.0738461538462,0.4473684210526314,Maintain current tariff
Varanasi_to_Bhubaneswar,34,404.13176470588235,2.8823529411764706,0.38235294117647056,15985.95,7.956764705882354,470.175,0.3157894736842104,Maintain current tariff
Varanasi_to_Chandigarh,44,455.04704545454547,2.9318181818181817,0.4318181818181818,23176.97,7.912045454545455,526.7493181818182,0.5789473684210527,Maintain current tariff
Varanasi_to_Chennai,40,424.9135,2.65,0.3,19798.64,7.66625,494.966,0.4736842105263157,Maintain current tariff
Varanasi_to_Coimbatore,40,399.25475,2.925,0.35,18457.94,7.436750000000001,461.44849999999997,0.4736842105263157,Maintain current tariff
Varanasi_to_Dehradun,48,468.6470833333333,2.8333333333333335,0.375,25514.170000000002,8.165208333333334,531.5452083333333,0.6842105263157894,Reduce tariff by 5-10% to gain more volume
Varanasi_to_Delhi,32,386.19875,2.9375,0.375,14334.25,6.7696875,447.9453125,0.26315789473684204,Increase tariff by 10-15% to improve margin
Varanasi_to_Guwahati,38,438.4581578947368,3.263157894736842,0.5,19448.89,7.84078947368421,511.8128947368421,0.42105263157894735,Maintain current tariff
Varanasi_to_Hyderabad,43,393.5027906976744,2.953488372093023,0.37209302325581395,20341.24,7.089767441860466,473.05209302325585,0.5526315789473684,Maintain current tariff
Varanasi_to_Indore,43,484.99790697674416,2.9069767441860463,0.3023255813953488,23817.57,7.763023255813954,553.8969767441861,0.5526315789473684,Maintain current tariff
Varanasi_to_Jaipur,37,462.8043243243243,3.1621621621621623,0.43243243243243246,19256.55,8.162702702702703,520.4472972972973,0.39473684210526305,Maintain current tariff
Varanasi_to_Jamshedpur,41,428.8953658536585,3.3902439024390243,0.4878048780487805,20193.57,7.328048780487805,492.5260975609756,0.5,Maintain current tariff
Varanasi_to_Kochi,34,419.645,2.7058823529411766,0.35294117647058826,16744.69,7.033235294117647,492.4908823529411,0.3157894736842104,Maintain current tariff
Varanasi_to_Kolkata,40,505.7885,2.525,0.275,22890.88,8.705499999999999,572.272,0.4736842105263157,Maintain current tariff
Varanasi_to_Lucknow,42,505.39261904761906,2.7142857142857144,0.30952380952380953,24366.69,8.928095238095239,580.1592857142857,0.5263157894736841,Maintain current tariff
Varanasi_to_Ludhiana,51,404.90882352941173,2.7058823529411766,0.3137254901960784,23970.73,7.174117647058823,470.0143137254902,0.763157894736842,Reduce tariff by 5-10% to gain more volume
Varanasi_to_Meerut,36,490.70361111111106,2.9444444444444446,0.3333333333333333,20363.79,8.618333333333332,565.6608333333334,0.36842105263157887,Maintain current tariff
Varanasi_to_Mumbai,42,402.94738095238097,2.8095238095238093,0.42857142857142855,19964.49,7.341428571428571,475.345,0.5263157894736841,Maintain current tariff
Varanasi_to_Nagpur,39,473.2341025641026,3.1538461538461537,0.46153846153846156,21161.92,8.04948717948718,542.6133333333333,0.4473684210526314,Maintain current tariff
Varanasi_to_Nashik,39,435.55487179487176,2.9743589743589745,0.41025641025641024,19730.9,7.747948717948718,505.92051282051284,0.4473684210526314,Maintain current tariff
Varanasi_to_Patna,42,431.975,2.7142857142857144,0.3333333333333333,20793.39,8.09,495.0807142857143,0.5263157894736841,Maintain current tariff
Varanasi_to_Pune,46,439.21152173913043,3.217391304347826,0.43478260869565216,22657.14,7.589130434782609,492.5465217391304,0.631578947368421,Reduce tariff by 5-10% to gain more volume
Varanasi_to_Raipur,44,437.7104545454545,3.090909090909091,0.45454545454545453,22330.69,7.7102272727272725,507.5156818181818,0.5789473684210527,Maintain current tariff
Varanasi_to_Ranchi,44,480.44772727272726,3.3181818181818183,0.5,24254.6,8.333181818181819,551.2409090909091,0.5789473684210527,Maintain current tariff
Varanasi_to_Shimla,30,424.9943333333333,2.6333333333333333,0.3333333333333333,14616.48,7.190333333333333,487.216,0.21052631578947367,Increase tariff by 10-15% to improve margin
Varanasi_to_Srinagar,36,498.8052777777778,2.8333333333333335,0.3333333333333333,20680.93,8.789722222222222,574.4702777777778,0.36842105263157887,Maintain current tariff
Varanasi_to_Surat,33,424.8975757575758,3.090909090909091,0.45454545454545453,16424.21,7.6499999999999995,497.7033333333333,0.2894736842105262,Increase tariff by 10-15% to improve margin
Varanasi_to_Thiruvananthapuram,36,409.61305555555555,3.138888888888889,0.4722222222222222,17601.37,7.046388888888888,488.9269444444444,0.36842105263157887,Maintain current tariff
Varanasi_to_Vijayawada,49,452.6757142857143,2.979591836734694,0.3877551020408163,25024.79,8.238367346938775,510.71000000000004,0.7105263157894737,Reduce tariff by 5-10% to gain more volume
Varanasi_to_Vizag,38,402.22736842105263,3.1315789473684212,0.39473684210526316,18073.12,7.295789473684211,475.60842105263157,0.42105263157894735,Maintain current tariff
Vijayawada_to_Agra,40,408.0085,3.25,0.45,19396.32,7.54725,484.908,0.4736842105263157,Maintain current tariff
Vijayawada_to_Ahmedabad,51,459.7423529411765,3.0392156862745097,0.45098039215686275,27182.14,7.910980392156862,532.983137254902,0.763157894736842,Reduce tariff by 5-10% to gain more volume
Vijayawada_to_Amritsar,45,412.20644444444446,3.088888888888889,0.4444444444444444,21587.72,7.549555555555556,479.7271111111111,0.6052631578947367,Reduce tariff by 5-10% to gain more volume
Vijayawada_to_Aurangabad,28,420.9653571428571,2.607142857142857,0.25,14097.66,7.548571428571429,503.48785714285714,0.1578947368421052,Increase tariff by 10-15% to improve margin
Vijayawada_to_Bangalore,30,395.9576666666666,3.1333333333333333,0.4666666666666667,13586.2,7.27,452.87333333333333,0.21052631578947367,Increase tariff by 10-15% to improve margin
Vijayawada_to_Bhopal,43,464.49418604651163,3.1627906976744184,0.4883720930232558,22585.65,8.550930232558139,525.2476744186047,0.5526315789473684,Maintain current tariff
Vijayawada_to_Bhubaneswar,31,424.44709677419354,2.870967741935484,0.3870967741935484,15092.92,7.630967741935484,486.8683870967742,0.23684210526315785,Increase tariff by 10-15% to improve margin
Vijayawada_to_Chandigarh,42,441.527380952381,3.0,0.40476190476190477,21640.48,7.742380952380953,515.2495238095238,0.5263157894736841,Maintain current tariff
Vijayawada_to_Chennai,42,439.21738095238095,3.2142857142857144,0.4523809523809524,21510.63,7.942380952380952,512.1578571428572,0.5263157894736841,Maintain current tariff
Vijayawada_to_Coimbatore,39,441.72153846153844,2.6666666666666665,0.28205128205128205,19975.28,7.3302564102564105,512.1866666666666,0.4473684210526314,Maintain current tariff
Vijayawada_to_Dehradun,50,417.4648,2.8,0.32,24194.94,7.5396,483.8988,0.7368421052631577,Reduce tariff by 5-10% to gain more volume
Vijayawada_to_Delhi,48,431.40208333333334,2.9166666666666665,0.3958333333333333,23855.74,8.237291666666666,496.99458333333337,0.6842105263157894,Reduce tariff by 5-10% to gain more volume
Vijayawada_to_Guwahati,41,410.0519512195122,3.1463414634146343,0.4634146341463415,19763.87,7.369756097560976,482.0456097560975,0.5,Maintain current tariff
Vijayawada_to_Hyderabad,45,442.2053333333333,2.6,0.26666666666666666,22953.86,8.253333333333332,510.08577777777776,0.6052631578947367,Reduce tariff by 5-10% to gain more volume
Vijayawada_to_Indore,43,480.1272093023256,3.2093023255813953,0.4186046511627907,23857.489999999998,8.641395348837209,554.8253488372093,0.5526315789473684,Maintain current tariff
Vijayawada_to_Jaipur,46,434.1354347826087,2.6956521739130435,0.2608695652173913,22726.68,8.020217391304348,494.05826086956523,0.631578947368421,Reduce tariff by 5-10% to gain more volume
Vijayawada_to_Jamshedpur,37,394.8489189189189,2.972972972972973,0.43243243243243246,16947.45,6.863513513513513,458.0391891891892,0.39473684210526305,Maintain current tariff
Vijayawada_to_Kochi,35,406.9162857142857,2.742857142857143,0.2571428571428571,16090.59,7.757999999999999,459.73114285714286,0.3421052631578947,Maintain current tariff
Vijayawada_to_Kolkata,48,498.20937499999997,3.3125,0.4791666666666667,27624.72,7.872708333333333,575.515,0.6842105263157894,Reduce tariff by 5-10% to gain more volume
Vijayawada_to_Lucknow,42,443.3130952380953,3.0,0.42857142857142855,21639.8,8.028095238095238,515.2333333333333,0.5263157894736841,Maintain current tariff
Vijayawada_to_Ludhiana,43,508.13697674418603,3.0930232558139537,0.3953488372093023,24629.09,8.501627906976744,572.7695348837209,0.5526315789473684,Maintain current tariff
Vijayawada_to_Meerut,43,373.706976744186,3.2093023255813953,0.5116279069767442,18961.73,7.193023255813954,440.97046511627906,0.5526315789473684,Maintain current tariff
Vijayawada_to_Mumbai,50,429.596,2.88,0.32,24875.64,7.395,497.51279999999997,0.7368421052631577,Reduce tariff by 5-10% to gain more volume
Vijayawada_to_Nagpur,32,423.340625,3.0625,0.4375,15796.19,7.7153125000000005,493.6309375,0.26315789473684204,Increase tariff by 10-15% to improve margin
Vijayawada_to_Nashik,38,370.96,2.8947368421052633,0.39473684210526316,16417.31,6.9644736842105255,432.0344736842106,0.42105263157894735,Maintain current tariff
Vijayawada_to_Patna,48,464.45958333333334,3.0625,0.4583333333333333,25459.06,7.329999999999999,530.3970833333334,0.6842105263157894,Reduce tariff by 5-10% to gain more volume
Vijayawada_to_Pune,39,436.29076923076923,3.3333333333333335,0.5641025641025641,20087.89,8.023846153846154,515.0741025641025,0.4473684210526314,Maintain current tariff
Vijayawada_to_Raipur,29,638.5813793103448,3.103448275862069,0.3448275862068966,20434.81,10.161034482758621,704.6486206896552,0.18421052631578938,Increase tariff by 10-15% to improve margin
Vijayawada_to_Ranchi,47,436.61765957446806,3.0638297872340425,0.3829787234042553,23699.9,7.1772340425531915,504.2531914893617,0.6578947368421051,Reduce tariff by 5-10% to gain more volume
Vijayawada_to_Shimla,43,415.3446511627907,3.046511627906977,0.4418604651162791,20773.77,7.253720930232559,483.11093023255813,0.5526315789473684,Maintain current tariff
Vijayawada_to_Srinagar,40,456.58374999999995,2.525,0.225,21234.04,7.944,530.851,0.4736842105263157,Maintain current tariff
Vijayawada_to_Surat,35,446.4531428571429,2.857142857142857,0.34285714285714286,18116.42,7.482571428571428,517.612,0.3421052631578947,Maintain current tariff
Vijayawada_to_Thiruvananthapuram,40,443.70074999999997,2.875,0.375,20190.39,7.545999999999999,504.75975,0.4736842105263157,Maintain current tariff
Vijayawada_to_Varanasi,51,489.6801960784313,3.0588235294117645,0.39215686274509803,28539.53,8.455490196078431,559.5986274509804,0.763157894736842,Reduce tariff by 5-10% to gain more volume
Vijayawada_to_Vizag,46,491.3182608695652,3.0,0.34782608695652173,26659.15,8.335217391304349,579.5467391304348,0.631578947368421,Reduce tariff by 5-10% to gain more volume
Vizag_to_Agra,35,432.2697142857143,3.1714285714285713,0.45714285714285713,17363.7,8.028,496.1057142857143,0.3421052631578947,Maintain current tariff
Vizag_to_Ahmedabad,49,367.14061224489797,3.163265306122449,0.46938775510204084,21436.81,7.242857142857142,437.485918367347,0.7105263157894737,Reduce tariff by 5-10% to gain more volume
Vizag_to_Amritsar,43,472.8118604651163,2.441860465116279,0.23255813953488372,23216.31,8.571395348837209,539.9141860465116,0.5526315789473684,Maintain current tariff
Vizag_to_Aurangabad,36,449.3930555555555,2.7222222222222223,0.3055555555555556,18924.88,7.9719444444444445,525.6911111111111,0.36842105263157887,Maintain current tariff
Vizag_to_Bangalore,44,457.4643181818182,3.159090909090909,0.4090909090909091,23574.63,8.565454545454545,535.7870454545455,0.5789473684210527,Maintain current tariff
Vizag_to_Bhopal,47,403.4551063829787,2.872340425531915,0.3404255319148936,22097.67,7.194680851063829,470.1631914893617,0.6578947368421051,Reduce tariff by 5-10% to gain more volume
Vizag_to_Bhubaneswar,45,435.6757777777778,3.0,0.35555555555555557,22517.42,7.73511111111111,500.3871111111111,0.6052631578947367,Reduce tariff by 5-10% to gain more volume
Vizag_to_Chandigarh,47,492.10234042553196,3.0851063829787235,0.425531914893617,26358.26,8.502978723404254,560.8140425531915,0.6578947368421051,Reduce tariff by 5-10% to gain more volume
Vizag_to_Chennai,35,457.3442857142857,3.085714285714286,0.4,18233.74,7.818285714285714,520.964,0.3421052631578947,Maintain current tariff
Vizag_to_Coimbatore,28,464.4432142857143,2.7857142857142856,0.2857142857142857,15117.880000000001,7.540357142857142,539.9242857142857,0.1578947368421052,Increase tariff by 10-15% to improve margin
Vizag_to_Dehradun,40,430.79475,3.0,0.4,19760.95,7.793000000000001,494.02375,0.4736842105263157,Maintain current tariff
Vizag_to_Delhi,28,505.80178571428576,3.2142857142857144,0.5,16470.07,7.709642857142858,588.2167857142857,0.1578947368421052,Increase tariff by 10-15% to improve margin
Vizag_to_Guwahati,48,432.03208333333333,3.2916666666666665,0.4166666666666667,24187.83,7.730625,503.91312500000004,0.6842105263157894,Reduce tariff by 5-10% to gain more volume
Vizag_to_Hyderabad,41,396.0248780487805,2.7804878048780486,0.3170731707317073,18551.76,6.974390243902438,452.48195121951215,0.5,Maintain current tariff
Vizag_to_Indore,39,384.26948717948716,2.871794871794872,0.358974358974359,17454.74,7.3471794871794875,447.55743589743594,0.4473684210526314,Maintain current tariff
Vizag_to_Jaipur,44,449.8665909090909,3.0681818181818183,0.4090909090909091,22291.82,8.2225,506.6322727272727,0.5789473684210527,Maintain current tariff
Vizag_to_Jamshedpur,42,417.0004761904762,2.8333333333333335,0.40476190476190477,20273.81,7.483095238095238,482.70976190476193,0.5263157894736841,Maintain current tariff
Vizag_to_Kochi,36,456.4169444444444,3.2222222222222223,0.3611111111111111,18748.85,7.682777777777777,520.8013888888888,0.36842105263157887,Maintain current tariff
Vizag_to_Kolkata,42,478.62976190476195,3.0952380952380953,0.40476190476190477,23392.66,8.038333333333334,556.9680952380952,0.5263157894736841,Maintain current tariff
Vizag_to_Lucknow,47,408.78297872340426,3.1914893617021276,0.5106382978723404,22087.489999999998,7.693829787234042,469.9465957446808,0.6578947368421051,Reduce tariff by 5-10% to gain more volume
Vizag_to_Ludhiana,33,467.3760606060606,3.1515151515151514,0.45454545454545453,17668.92,7.882727272727273,535.4218181818181,0.2894736842105262,Increase tariff by 10-15% to improve margin
Vizag_to_Meerut,42,456.8445238095238,3.238095238095238,0.42857142857142855,21916.06,8.450714285714286,521.8109523809524,0.5263157894736841,Maintain current tariff
Vizag_to_Mumbai,44,395.2104545454546,2.772727272727273,0.3181818181818182,20329.74,7.569090909090909,462.0395454545455,0.5789473684210527,Maintain current tariff
Vizag_to_Nagpur,45,455.0297777777778,3.2222222222222223,0.4888888888888889,23281.53,8.448222222222222,517.3673333333334,0.6052631578947367,Reduce tariff by 5-10% to gain more volume
Vizag_to_Nashik,27,405.8392592592593,3.259259259259259,0.4074074074074074,12176.14,7.211481481481481,450.96814814814815,0.13157894736842102,Increase tariff by 10-15% to improve margin
Vizag_to_Patna,35,412.47657142857145,3.057142857142857,0.42857142857142855,17212.26,6.734285714285714,491.7788571428571,0.3421052631578947,Maintain current tariff
Vizag_to_Pune,45,493.8411111111111,2.888888888888889,0.37777777777777777,25877.35,8.558222222222222,575.0522222222222,0.6052631578947367,Reduce tariff by 5-10% to gain more volume
Vizag_to_Raipur,38,392.62631578947367,2.9210526315789473,0.3684210526315789,17871.09,6.634736842105263,470.2918421052632,0.42105263157894735,Maintain current tariff
Vizag_to_Ranchi,38,477.06447368421055,3.3947368421052633,0.47368421052631576,20997.21,8.99578947368421,552.5581578947368,0.42105263157894735,Maintain current tariff
Vizag_to_Shimla,38,401.7257894736842,3.1315789473684212,0.47368421052631576,17707.98,6.848421052631579,465.9994736842105,0.42105263157894735,Maintain current tariff
Vizag_to_Srinagar,42,493.91380952380956,3.0238095238095237,0.42857142857142855,23239.67,8.195,553.3254761904761,0.5263157894736841,Maintain current tariff
Vizag_to_Surat,38,450.4555263157895,3.3421052631578947,0.5789473684210527,19153.04,8.172105263157896,504.02736842105264,0.42105263157894735,Maintain current tariff
Vizag_to_Thiruvananthapuram,36,423.0183333333333,3.4166666666666665,0.5555555555555556,18098.03,7.670277777777778,502.7230555555555,0.36842105263157887,Maintain current tariff
Vizag_to_Varanasi,47,453.56808510638297,2.9148936170212765,0.425531914893617,24491.3,8.364680851063829,521.0914893617021,0.6578947368421051,Reduce tariff by 5-10% to gain more volume
Vizag_to_Vijayawada,40,481.24425,3.025,0.425,21808.41,8.4735,545.21025,0.4736842105263157,Maintain current tariff
